funding_id,project_id,funding_type,amount_million_usd,fiscal_year,agency_name,grant_number,disbursed_pct,approval_date,notes
1,1,federal grant,624.14,2018,NTIA,,21.0,07-26-2019,
2,1,Local Bond,325.45,2019,FRA,SG-98526-2019,32.1,01/20/2024,
3,2,ARPA Funds,891.55,2023,FTA,QB-54602-2023,46.7,02-02-2024,Match requirement 20%
4,2,State Revolving Fund,692.38,2020,USACE,AN-62153-2020,48.2,2024-07-22,
5,3,IIJA Grant,2483.43,2024,EPA,ZL-82413-2024,41.1,2024/08/09,Match requirement 20%
6,4,State Revolving Fund,511.46,2018,EPA,AX-54917-2018,82.8,08/04/2018,Emergency supplemental
7,4,Federal grant ,364.31,2020,EPA,MC-87579-2020,22.2,,
8,4,Local Bond,283.28,2024,HUD,NY-11353-2024,1.5,2021-08-26,Pending reauthorization
9,4,Private Partnership,26.99,2022,FTA,HY-22994-2022,38.9,02/04/2021,Match requirement 20%
10,5,,1370.17,2018,HUD,VM-54588-2018,,2024/03/04,
11,5,Private Partnership,420.48,2022,HUD,,49.6,06-16-2020,Match requirement 20%
12,5,federal grant,746.66,2020,USACE,BR-32669-2020,19.8,11/13/2022,Match requirement 20%
13,6,Federal Grant,914.52,2018,DOT,MC-98075-2018,42.7,2021/06/02,
14,6,IIJA Grant,366.03,2024,HUD,WD-60816-2024,75.5,2022/07/14,
15,6,,235.41,2022,TBD,,45.4,04/21/2024,Earmarked funds
16,7,State Revolving Fund,551.06,2025,DOE,,40.5,08/05/2019,
17,7,FEDERAL GRANT,940.33,2018,USACE,FK-49935-2018,68.0,11-24-2019,
18,8,State Appropriation,591.63,2024,FAA,,39.1,2020/02/05,
19,8,Local Bond,101.79,2025,FTA,KI-36748-2025,?,08/13/2020,
20,8,State Appropriation,221.15,2021,NTIA,ZP-12526-2021,11.3,01-09-2022,Earmarked funds
21,8,Private Partnership,38.99,2021,FHWA,US-19875-2021,46.6,2024-01-16,
22,9,Federal grant ,95.95,2020,,,,2023-01-13,
23,10,ARPA Funds,1259.82,,FRA,YO-95364-2020,87.0,27/04/2021,Match requirement 20%
24,11,ARPA Funds,1024.59,2018,USACE,RS-60446-2018,85.9,12/04/2019,
25,11,Private Partnership,1698.62,n/a,HUD,UJ-95322-2022,18.4,11/02/2020,Emergency supplemental
26,11,Federal Grant,773.02,2019,,LG-33938-2019,55.1,12/26/2020,
27,12,IIJA Grant,499.99,2021,USACE,TS-67621-2021,79.0,2021/02/14,
28,12,FEDERAL GRANT,677.98,2024,EPA,YG-15038-2024,38.1,2023/03/14,Earmarked funds
29,12,Local Bond,671.77,2020,USACE,DJ-62186-2020,7.3,2023/02/02,Earmarked funds
30,13,State Revolving Fund,640.21,2024,FRA,SL-34548-2024,37.2,11/12/2022,
31,13,State Appropriation,1413.05,2020,EPA,AX-47957-2020,29.7,03/26/2023,Earmarked funds
32,14,Federal Loan,7.56,2025,NTIA,QO-27353-2025,3.3,2024-11-15,Earmarked funds
33,14,Federal Loan,9.93,2023,DOE,,93.2,2022-10-14,Earmarked funds
34,14,IIJA Grant,8.41,2024,FRA,AM-57775-2024,24.6,2018-01-12,
35,15,federal grant,492.35,2025,HUD,EF-19508-2025,65.7,05/29/2023,Emergency supplemental
36,15,FEDERAL GRANT,701.76,2023,DOT,PS-87435-2023,19.8,2023-06-07,Pending reauthorization
37,15,ARPA Funds,180.82,2020,DOE,BZ-10673-2020,69.2,04/11/2023,Earmarked funds
38,16,IIJA Grant,136.18,2024,DOE,AV-83183-2024,79.5,2023/09/16,
39,16,ARPA Funds,230.9,2018,FAA,AH-87048-2018,24.6,02/21/2018,Match requirement 20%
40,16,ARPA Funds,,2020,FHWA,JV-82703-2020,39.9,2021/02/15,
41,17,Federal Loan,1580.38,2023,USACE,BE-71397-2023,4.5,2018/03/26,
42,17,Federal grant ,694.42,2022,DOE,,3.0,08-18-2019,Earmarked funds
43,18,Local Bond,1027.89,2020,FHWA,PM-10918-2020,47.6,,Emergency supplemental
44,18,Private Partnership,395.32,2024,FTA,OS-85573-2024,27.2,2023/06/14,Earmarked funds
45,18,federal grant,,2023,,XA-60890-2023,,2018-07-18,Emergency supplemental
46,18,Federal grant ,n/a,2022,FHWA,PA-38358-2022,58.7,23/08/2024,
47,19,State Appropriation,801.29,2020,USACE,,62.3,2023-12-25,Earmarked funds
48,19,Private Partnership,624.61,2022,NTIA,CO-92656-2022,56.1,02/23/2024,Earmarked funds
49,19,State Revolving Fund,332.36,2018,NTIA,JG-63528-2018,,2022-09-17,
50,20,FEDERAL GRANT,1834.76,2019,NTIA,RB-40198-2019,67.9,2019/01/05,Earmarked funds
51,20,ARPA Funds,740.06,2022,NTIA,RI-71281-2022,58.4,07/31/2021,
52,20,ARPA Funds,807.21,2019,FRA,WS-74867-2019,26.4,04-10-2024,
53,21,State Appropriation,2577.26,2020,EPA,,36.0,06/26/2023,Pending reauthorization
54,21,Local Bond,1367.49,2023,DOE,VY-70317-2023,37.6,2024-08-28,
55,22,Federal Grant,1495.17,2019,USACE,FU-77667-2019,27.9,07-21-2019,Pending reauthorization
56,23,,1056.42,2018,FAA,OP-19101-2018,20.2,06/24/2020,
57,23,State Revolving Fund,1940.21,2025,FAA,FB-76352-2025,70.0,2018/05/19,Earmarked funds
58,23,Private Partnership,-,2020,HUD,,82.4,22/04/2023,Match requirement 20%
59,24,Federal Grant,681.67,2021,USACE,NZ-93138-2021,84.7,2022/07/11,Match requirement 20%
60,24,,1942.86,2019,HUD,SL-87237-2019,74.0,2021/07/14,Emergency supplemental
61,25,State Appropriation,545.71,,FTA,OS-79948-2020,80.6,11/02/2018,
62,25,Federal Loan,80.16,2022,FAA,VY-31183-2022,34.1,03-04-2023,
63,25,Federal Grant,55.38,2024,FTA,FS-85436-2024,64.2,30/06/2022,Match requirement 20%
64,26,Federal Loan,2480.99,,DOT,LF-25640-2018,5.1,02-03-2024,
65,26,ARPA Funds,,2023,NTIA,JM-23090-2023,99.1,2019-12-07,Match requirement 20%
66,27,federal grant,85.08,2023,HUD,EX-49654-2023,26.0,,
67,27,Federal grant ,63.96,2021,,WH-45098-2021,15.4,05/19/2020,Earmarked funds
68,27,Federal Grant,88.05,2024,,MM-85478-2024,87.8,07/07/2019,Match requirement 20%
69,28,Federal Grant,,2023,FAA,YO-98713-2023,0.3,10-11-2021,
70,28,Local Bond,384.9,2023,FRA,VA-35062-2023,12.7,,
71,28,Private Partnership,131.32,2020,DOE,,7.8,2019-06-13,Emergency supplemental
72,28,IIJA Grant,-,2024,DOT,EK-72988-2024,4.4,2023/10/16,Pending reauthorization
73,29,Local Bond,697.73,2022,EPA,VV-83810-2022,TBD,12/26/2024,
74,30,Federal Grant,963.79,2018,USACE,HU-81061-2018,62.8,2023/01/10,
75,30,Federal Grant,196.24,2025,DOE,BP-51996-2025,49.4,08/26/2018,Match requirement 20%
76,30,State Revolving Fund,425.46,2024,FTA,PR-33646-2024,11.5,2024-10-04,
77,30,Federal grant ,121.99,2018,FAA,,40.2,07/09/2024,
78,31,State Revolving Fund,681.63,2018,DOE,BM-70324-2018,51.1,2022-08-22,Pending reauthorization
79,31,IIJA Grant,242.72,2018,NTIA,XJ-94372-2018,9.4,2023-05-14,Pending reauthorization
80,31,State Appropriation,309.22,2020,DOE,UW-36011-2020,40.1,12/24/2022,
81,32,Private Partnership,105.85,2022,NTIA,HK-72000-2022,57.5,04/16/2021,
82,32,Federal Loan,79.01,?,NTIA,ML-30993-2019,60.1,08/27/2019,
83,33,Private Partnership,,2019,USACE,TB-55476-2019,62.7,2020-11-07,Pending reauthorization
84,33,,,2022,FTA,MT-89922-2022,11.5,09-18-2018,
85,34,Private Partnership,1037.71,2022,FAA,XS-43442-2022,81.7,2020-04-13,
86,35,IIJA Grant,885.67,2018,DOT,PS-34532-2018,11.7,02/12/2020,Earmarked funds
87,35,Federal Grant,1071.54,2020,EPA,SF-90441-2020,58.8,06-12-2018,
88,36,Private Partnership,572.08,2024,FTA,AE-42153-2024,77.7,06/12/2021,
89,36,IIJA Grant,199.51,,DOT,JT-93802-2024,18.3,,Earmarked funds
90,37,IIJA Grant,1238.1,,FTA,ZV-45531-2023,77.9,13/11/2020,Earmarked funds
91,37,State Appropriation,728.76,2023,FAA,VD-22162-2023,11.4,06/08/2024,
92,38,federal grant,2496.06,2023,FRA,,10.0,05/01/2024,
93,39,State Appropriation,2288.06,2018,DOT,QI-49477-2018,12.9,02/04/2023,
94,40,Federal Grant,1989.62,2020,DOE,,95.9,04/11/2022,Emergency supplemental
95,41,State Appropriation,928.95,2023,,TO-12502-2023,9.5,07/04/2022,Earmarked funds
96,41,Local Bond,345.07,2018,NTIA,RC-96934-2018,73.9,07/09/2018,
97,41,Private Partnership,,2023,USACE,IF-34336-2023,50.1,05-07-2021,Match requirement 20%
98,41,State Revolving Fund,239.93,2025,DOE,OQ-57254-2025,17.7,17/04/2023,Pending reauthorization
99,42,Federal Loan,792.86,2018,DOT,KC-71961-2018,78.3,02-22-2022,Pending reauthorization
100,42,ARPA Funds,464.7,2020,DOT,IG-47963-2020,20.3,05/10/2022,
101,43,Private Partnership,247.39,2024,FRA,TG-85726-2024,2.6,02/19/2019,Earmarked funds
102,43,State Appropriation,262.82,2019,USACE,NF-70542-2019,8.8,2020/09/29,
103,43,Federal Grant,209.24,2020,USACE,OD-26054-2020,97.9,06-20-2022,Pending reauthorization
104,44,Federal Loan,1158.78,2021,DOT,DY-87153-2021,63.1,2021-05-16,
105,44,FEDERAL GRANT,436.4,2018,USACE,OF-38924-2018,N/A,05/15/2018,
106,44,Private Partnership,175.01,2021,FAA,KM-36885-2021,n/a,2021-01-25,
107,45,Private Partnership,1073.12,2019,N/A,,31.2,10/24/2019,
108,46,federal grant,921.35,2022,FRA,YH-44227-2022,88.8,,Pending reauthorization
109,47,State Appropriation,1295.79,2019,FAA,WU-22813-2019,58.3,21/06/2021,
110,47,Private Partnership,554.94,2023,EPA,YB-89635-2023,,11-22-2022,
111,47,federal grant,229.79,2024,FTA,ZE-94071-2024,15.2,11-27-2021,Match requirement 20%
112,48,IIJA Grant,1022.32,2020,FAA,XA-92968-2020,36.3,2023/06/16,
113,48,Federal Grant,801.69,2018,NTIA,ZS-54660-2018,43.3,11-25-2021,Earmarked funds
114,48,FEDERAL GRANT,933.19,2022,,MR-20879-2022,29.4,2021-01-29,
115,49,,1625.33,2024,FRA,RZ-23145-2024,48.6,01/06/2024,
116,50,,1223.08,2025,NTIA,NJ-89429-2025,59.1,05/02/2021,
117,50,FEDERAL GRANT,1124.16,2023,DOE,UL-29086-2023,16.5,12/14/2023,
118,51,Federal Grant,1549.37,2022,FTA,XS-53178-2022,24.3,11/13/2018,Emergency supplemental
119,52,Federal Loan,829.31,2018,USACE,IZ-83301-2018,64.2,13/04/2018,Pending reauthorization
120,53,IIJA Grant,,2023,NTIA,UP-50116-2023,10.5,2018/03/27,Match requirement 20%
121,54,State Appropriation,107.37,2018,USACE,LG-45830-2018,,2018-06-27,
122,54,Federal Loan,187.13,n/a,USACE,EP-62136-2025,29.6,2021/05/19,
123,54,Federal Grant,45.18,TBD,FTA,DC-53384-2022,34.2,20/06/2022,
124,54,Federal Loan,44.36,2021,EPA,IP-57033-2021,18.1,2020/06/29,
125,55,State Appropriation,1155.26,2025,HUD,PV-13465-2025,4.5,,
126,56,federal grant,1084.93,2018,DOE,FE-15918-2018,30.2,2022-01-07,
127,56,Federal grant ,118.42,2020,DOT,LJ-34144-2020,84.2,03-23-2022,Match requirement 20%
128,57,Federal Loan,789.67,,USACE,MX-80054-2019,76.8,2021-03-12,Emergency supplemental
129,57,Federal grant ,2015.13,2025,USACE,SI-55167-2025,17.7,,Earmarked funds
130,58,State Appropriation,755.77,2024,FAA,RL-60643-2024,62.9,2023/05/12,Earmarked funds
131,58,Federal grant ,782.86,2025,FTA,,84.6,2024-10-19,Match requirement 20%
132,59,ARPA Funds,217.51,2023,DOT,NJ-90295-2023,20.9,,Match requirement 20%
133,59,Private Partnership,162.57,2018,USACE,EL-48382-2018,18.4,29/12/2022,Pending reauthorization
134,60,ARPA Funds,,2025,,LH-65818-2025,16.0,02-15-2021,Match requirement 20%
135,60,IIJA Grant,473.92,2019,EPA,BK-26564-2019,75.1,2022-09-08,
136,60,IIJA Grant,324.74,2018,EPA,FX-70485-2018,55.0,2018/01/26,Match requirement 20%
137,61,State Revolving Fund,211.56,2020,DOE,QW-17353-2020,92.6,2021/01/09,Emergency supplemental
138,61,Federal Grant,349.34,2019,FTA,WV-13547-2019,82.2,2018-07-20,Match requirement 20%
139,62,ARPA Funds,n/a,2025,FTA,JW-93901-2025,67.7,2024-10-20,Match requirement 20%
140,62,Federal Loan,95.98,2023,FHWA,ZW-20150-2023,10.8,2021-09-21,Match requirement 20%
141,63,State Appropriation,1035.76,2018,HUD,,24.2,11-28-2021,Earmarked funds
142,63,Federal Loan,?,2018,DOT,CK-51649-2018,38.1,01/07/2023,
143,63,State Appropriation,682.66,2024,FTA,NK-77811-2024,97.8,,
144,64,IIJA Grant,2333.84,2021,NTIA,JO-87078-2021,34.8,09/02/2021,
145,64,State Revolving Fund,335.23,,FRA,,68.1,19/01/2024,Match requirement 20%
146,64,ARPA Funds,350.31,2024,DOT,QG-19126-2024,63.8,2018/09/08,
147,65,Federal Grant,522.7,2025,DOE,SE-73410-2025,79.3,2023/04/06,
148,65,State Revolving Fund,338.8,2019,EPA,,82.7,2021/02/15,
149,65,ARPA Funds,,2019,DOT,MJ-89942-2019,43.5,,Earmarked funds
150,65,Local Bond,333.32,2020,N/A,ZJ-57779-2020,19.6,23/02/2023,Pending reauthorization
151,66,federal grant,1974.89,2025,DOT,XI-22606-2025,4.4,06/14/2022,
152,67,Federal Loan,1337.64,2023,FAA,PC-84770-2023,40.3,,
153,67,State Revolving Fund,873.24,2020,,DN-50681-2020,,09/26/2021,Match requirement 20%
154,68,Federal Grant,585.57,2019,HUD,JA-21274-2019,58.9,10/04/2024,Emergency supplemental
155,69,Federal Loan,n/a,2018,,BA-16870-2018,52.6,09-03-2024,Pending reauthorization
156,69,Local Bond,331.3,2018,DOT,BG-38917-2018,63.3,09-05-2022,Earmarked funds
157,70,Private Partnership,,2025,FHWA,XF-21570-2025,3.6,2021/11/29,Pending reauthorization
158,70,Private Partnership,490.9,2020,USACE,MK-56658-2020,64.8,03/02/2019,Earmarked funds
159,70,IIJA Grant,118.32,2018,FTA,KU-93870-2018,16.1,07-03-2022,
160,71,Federal Grant,914.36,2025,HUD,GI-80183-2025,10.6,2021/08/17,Emergency supplemental
161,71,Federal Grant,483.28,2019,HUD,LX-60794-2019,33.0,03-08-2024,Pending reauthorization
162,72,IIJA Grant,,TBD,N/A,EH-93702-2018,18.1,2023-01-06,
163,72,ARPA Funds,524.62,2018,TBD,OZ-62625-2018,-,2024-09-26,Emergency supplemental
164,72,Private Partnership,n/a,2020,USACE,LG-85263-2020,45.1,2020/09/06,
165,72,ARPA Funds,78.3,2025,HUD,,38.0,07-13-2023,Pending reauthorization
166,73,Private Partnership,1904.58,2021,-,WR-56291-2021,9.8,,
167,73,Private Partnership,1011.26,2021,EPA,QU-89964-2021,8.4,,Match requirement 20%
168,74,Private Partnership,302.89,2024,FAA,VB-35830-2024,28.0,2024-10-07,Pending reauthorization
169,75,Federal Grant,1807.15,2019,USACE,OJ-56445-2019,3.8,06/28/2019,
170,75,State Revolving Fund,1675.17,2023,DOE,,72.2,16/02/2019,
171,76,IIJA Grant,2380.03,2019,FHWA,MN-82614-2019,71.5,,Emergency supplemental
172,76,Private Partnership,1147.42,2023,NTIA,RR-14096-2023,92.4,09-08-2022,
173,77,Federal grant ,1735.79,2024,TBD,EL-77331-2024,25.8,01/05/2019,
174,77,Federal Grant,781.98,2022,NTIA,,33.0,2024/11/26,
175,77,Federal Grant,385.53,2022,FRA,YR-95224-2022,15.2,08-18-2019,Emergency supplemental
176,77,Federal grant ,109.94,2020,DOT,CI-87394-2020,2.4,2021/03/14,Match requirement 20%
177,78,State Appropriation,1437.71,2023,FHWA,RC-98230-2023,93.6,2024/10/13,
178,78,Local Bond,807.51,2020,FTA,GO-19898-2020,78.7,2022/12/19,Pending reauthorization
179,78,State Appropriation,625.71,2023,DOE,,,07-29-2018,
180,78,,272.15,2020,DOT,KT-16190-2020,23.8,07/14/2018,Match requirement 20%
181,79,State Appropriation,935.88,2018,FTA,VR-68511-2018,17.3,2018-07-18,Emergency supplemental
182,79,Federal Loan,615.78,2019,USACE,SQ-39132-2019,41.5,07/02/2018,Pending reauthorization
183,79,Local Bond,180.59,2018,FHWA,,12.9,11-18-2020,
184,79,Federal Loan,72.37,2025,FHWA,CC-86564-2025,75.3,23/12/2024,Match requirement 20%
185,80,State Revolving Fund,722.13,2019,,TW-41525-2019,58.5,2022/06/30,
186,81,Federal Grant,1534.78,2020,EPA,RS-47839-2020,66.7,10-09-2018,Match requirement 20%
187,81,FEDERAL GRANT,327.35,2023,EPA,FP-79712-2023,,2020/04/28,Earmarked funds
188,81,Federal Loan,479.43,2018,FHWA,FR-93977-2018,22.8,,
189,81,FEDERAL GRANT,154.73,2022,FTA,,26.4,25/03/2022,
190,82,State Revolving Fund,124.05,2023,FAA,SV-78241-2023,65.6,06-19-2024,
191,83,FEDERAL GRANT,982.16,2019,FHWA,MQ-99746-2019,12.8,2021-07-07,Earmarked funds
192,83,Private Partnership,661.53,2024,,OB-85229-2024,12.6,05/15/2020,
193,83,federal grant,245.83,2021,USACE,UG-71630-2021,9.2,11/29/2023,Emergency supplemental
194,83,ARPA Funds,335.63,2021,DOT,OV-30073-2021,7.2,2021-02-14,Pending reauthorization
195,84,ARPA Funds,1401.46,2020,FTA,ZS-63191-2020,81.1,,Earmarked funds
196,84,State Revolving Fund,280.55,2024,FRA,IY-16047-2024,65.1,22/10/2022,Match requirement 20%
197,84,Federal Loan,,2023,FTA,NB-37026-2023,21.6,12/21/2024,
198,85,Private Partnership,?,2019,DOT,US-18038-2019,41.2,10/03/2020,
199,85,Federal Grant,1057.45,2020,HUD,VJ-88764-2020,,08-12-2022,Emergency supplemental
200,86,IIJA Grant,754.26,2021,DOT,SX-71270-2021,3.9,,
201,87,IIJA Grant,1396.71,2022,EPA,PE-93122-2022,95.7,2020-09-17,
202,87,,2162.76,2018,DOT,UH-46758-2018,65.4,09/02/2019,Match requirement 20%
203,88,IIJA Grant,52.79,2019,n/a,XG-14886-2019,50.8,,Match requirement 20%
204,88,Local Bond,76.13,2023,DOT,ZM-92779-2023,86.6,2020/10/15,Earmarked funds
205,88,Federal Grant,27.53,2018,DOT,ID-76670-2018,95.0,,Match requirement 20%
206,89,federal grant,868.59,2024,DOT,,84.6,12-19-2024,
207,90,State Appropriation,428.99,2024,n/a,JR-44178-2024,56.3,11/01/2020,Pending reauthorization
208,91,Federal Loan,1964.85,2025,TBD,DS-44641-2025,90.1,04/16/2024,Earmarked funds
209,91,State Revolving Fund,545.38,2024,EPA,WH-19351-2024,,2020-10-18,Match requirement 20%
210,91,Local Bond,360.49,2025,FRA,PC-90005-2025,64.9,07/01/2018,Match requirement 20%
211,91,Federal Loan,81.19,2024,DOE,RF-88005-2024,25.8,2023-09-15,Earmarked funds
212,92,State Appropriation,2628.63,2025,HUD,JM-66099-2025,17.3,21/08/2022,
213,92,IIJA Grant,1003.91,,HUD,YV-53815-2022,13.8,2021-12-21,Pending reauthorization
214,92,Local Bond,154.89,2018,N/A,JI-68346-2018,35.1,,
215,92,ARPA Funds,163.89,2023,N/A,TS-55010-2023,-,,Earmarked funds
216,93,Federal Loan,504.3,2022,DOT,RV-20196-2022,7.9,,Earmarked funds
217,94,ARPA Funds,1511.65,2019,,QN-97677-2019,0.0,2023/03/06,Earmarked funds
218,94,Federal Grant,967.37,2019,HUD,SR-10473-2019,73.0,,
219,94,State Appropriation,252.39,2024,USACE,,48.5,2023/01/22,Pending reauthorization
220,95,Federal Grant,990.77,2020,DOE,MF-56838-2020,99.2,2024/01/10,Earmarked funds
221,95,Private Partnership,740.84,2024,NTIA,CF-91526-2024,93.6,2024-01-13,Emergency supplemental
222,95,ARPA Funds,1095.52,2023,NTIA,VZ-24496-2023,37.7,,
223,96,State Appropriation,1552.98,2022,USACE,DP-32681-2022,31.2,10/06/2019,
224,96,Federal Loan,421.73,2022,-,HK-35774-2022,24.9,2021-09-23,Emergency supplemental
225,97,Private Partnership,515.73,2023,NTIA,TS-41113-2023,74.9,2021-06-05,Emergency supplemental
226,97,,343.32,2019,FHWA,CS-60127-2019,98.2,2022/04/08,
227,97,federal grant,134.57,2020,?,MY-62705-2020,17.0,04-10-2022,Earmarked funds
228,97,Local Bond,215.3,2025,FHWA,EA-94592-2025,66.1,12-30-2020,Emergency supplemental
229,98,,2560.64,2024,FHWA,BO-32741-2024,79.1,,Match requirement 20%
230,99,State Appropriation,1155.79,2023,USACE,RF-22290-2023,90.1,2021/09/10,Emergency supplemental
231,100,ARPA Funds,n/a,2018,USACE,XD-87539-2018,2.3,12/28/2018,
232,100,Federal Loan,1425.09,2023,FTA,SW-78295-2023,58.7,14/08/2021,Pending reauthorization
233,101,IIJA Grant,1108.55,2019,USACE,QV-53434-2019,72.9,06/01/2019,Earmarked funds
234,101,Local Bond,808.61,2023,FRA,WE-31594-2023,71.7,07/01/2018,
235,102,FEDERAL GRANT,272.55,2022,NTIA,FZ-46795-2022,57.5,2024/06/12,
236,102,State Revolving Fund,147.28,2022,FTA,BQ-79017-2022,38.6,2019-10-03,Earmarked funds
237,102,ARPA Funds,107.54,2022,FTA,LP-41140-2022,93.5,02/02/2018,
238,102,Private Partnership,,2020,EPA,TU-38176-2020,30.5,2024-09-24,
239,103,Federal Loan,567.91,2021,HUD,BW-38727-2021,,09/18/2020,Emergency supplemental
240,103,Federal Grant,1431.59,2024,FAA,YV-62808-2024,63.3,07-19-2019,
241,103,Local Bond,412.99,2023,FHWA,CW-56847-2023,97.0,09/06/2020,Pending reauthorization
242,104,FEDERAL GRANT,1426.37,2018,FAA,UA-72979-2018,12.5,2018-12-03,
243,104,Private Partnership,1126.64,N/A,FRA,TN-94422-2020,5.0,05-25-2024,
244,104,ARPA Funds,601.21,2025,FAA,WU-32901-2025,14.3,2018-01-11,Match requirement 20%
245,105,IIJA Grant,102.48,2022,FAA,FH-44449-2022,24.0,21/10/2018,Match requirement 20%
246,106,IIJA Grant,771.37,2023,FAA,RD-28948-2023,53.6,08/03/2022,Emergency supplemental
247,106,,,2022,FTA,KG-95878-2022,78.7,21/05/2021,
248,106,State Revolving Fund,1032.3,?,HUD,JI-54570-2021,99.5,2023-10-24,Pending reauthorization
249,107,Federal Grant,636.72,2024,FAA,QO-74078-2024,54.3,2024/09/12,
250,108,federal grant,1544.64,2023,DOE,MG-98317-2023,79.6,2023-11-30,Earmarked funds
251,108,Federal Grant,709.27,2025,HUD,QZ-39715-2025,,2020-07-10,Emergency supplemental
252,108,State Revolving Fund,745.64,2021,NTIA,LJ-30102-2021,39.0,2018/04/14,
253,108,ARPA Funds,584.33,2024,DOT,VR-35706-2024,79.7,11-12-2019,
254,109,Federal grant ,322.23,2025,HUD,HX-38150-2025,18.1,2021-07-22,Match requirement 20%
255,109,Local Bond,265.87,2018,DOE,QO-87740-2018,21.6,10/23/2022,Match requirement 20%
256,109,Private Partnership,88.03,2018,FTA,LO-61008-2018,1.1,07/01/2018,
257,110,IIJA Grant,737.97,2018,FAA,MV-93428-2018,41.6,01/20/2019,
258,110,Private Partnership,776.59,,USACE,LH-87178-2023,?,02/07/2022,
259,110,Federal Loan,625.35,2022,EPA,RC-88142-2022,45.1,08-06-2018,
260,110,State Appropriation,535.78,2021,USACE,UI-32527-2021,,2018/01/15,
261,111,IIJA Grant,69.57,2021,FRA,EV-93725-2021,8.3,,Emergency supplemental
262,111,State Appropriation,53.75,2022,FHWA,TD-81182-2022,24.5,2018-12-22,Emergency supplemental
263,112,Federal Loan,,2018,NTIA,LB-85121-2018,30.3,06/15/2019,Match requirement 20%
264,112,Private Partnership,647.5,2019,FRA,VL-97455-2019,43.6,06/09/2018,
265,112,Federal Grant,510.08,2021,,PK-69138-2021,33.3,08/10/2023,Match requirement 20%
266,112,State Appropriation,322.98,2023,USACE,,34.1,2021-03-31,
267,113,State Revolving Fund,180.0,2024,HUD,JR-56018-2024,41.8,2023/03/05,
268,113,ARPA Funds,39.02,2023,USACE,,,14/08/2024,
269,113,State Revolving Fund,30.14,2025,DOT,BR-84645-2025,,07/23/2022,
270,113,State Appropriation,16.68,2020,FRA,ER-14257-2020,40.7,2019-11-19,Match requirement 20%
271,114,Private Partnership,478.2,2021,,ID-54698-2021,6.6,2022/05/24,Emergency supplemental
272,114,IIJA Grant,329.08,TBD,FRA,YG-25263-2022,14.4,2023-11-02,
273,114,FEDERAL GRANT,,2025,FRA,RB-87344-2025,14.3,2019/11/23,
274,114,Local Bond,84.02,2025,DOT,MX-78078-2025,7.5,11/09/2018,Match requirement 20%
275,115,Federal Grant,1083.97,,FHWA,,-,06-19-2018,
276,115,State Appropriation,751.37,2024,HUD,QR-18932-2024,5.6,01/07/2021,Earmarked funds
277,116,IIJA Grant,911.17,N/A,FRA,UF-85086-2022,96.8,09/11/2023,
278,116,State Appropriation,1238.24,2022,,SQ-70332-2022,0.7,2022-02-03,
279,116,Local Bond,1156.14,2023,EPA,SZ-68977-2023,84.2,,Pending reauthorization
280,116,FEDERAL GRANT,608.26,2019,HUD,ZX-71164-2019,33.4,2023/02/26,Match requirement 20%
281,117,Local Bond,1486.76,2022,DOT,ZX-68921-2022,23.6,14/11/2022,
282,117,State Appropriation,603.83,2023,USACE,WF-77964-2023,86.7,2018-06-26,
283,118,Federal Grant,1006.88,2019,USACE,MM-26704-2019,4.3,2019-11-19,Earmarked funds
284,119,Federal Grant,242.86,2019,NTIA,GY-24896-2019,75.2,2020/01/26,
285,119,Federal Loan,74.4,2023,DOT,TL-50130-2023,16.4,2024/06/14,Pending reauthorization
286,119,Local Bond,10.77,2020,USACE,EH-40969-2020,40.3,02-13-2018,
287,120,State Revolving Fund,405.74,2021,NTIA,RB-47242-2021,17.6,10-15-2020,
288,120,ARPA Funds,527.85,2018,HUD,FU-87327-2018,86.5,11-21-2021,
289,121,,638.89,2018,EPA,LC-33424-2018,,03/05/2023,Match requirement 20%
290,121,Federal Loan,143.8,2020,NTIA,,2.8,01-03-2019,Emergency supplemental
291,122,State Appropriation,1628.43,2019,DOT,JJ-21482-2019,,08/10/2020,
292,122,Private Partnership,1398.65,2022,FTA,WC-75170-2022,85.8,10/07/2021,Emergency supplemental
293,122,FEDERAL GRANT,319.52,2020,FTA,WR-66698-2020,23.7,2019/06/23,
294,123,FEDERAL GRANT,837.67,2022,DOE,SK-76215-2022,4.2,2024/08/25,
295,123,Federal Grant,551.17,2022,USACE,KG-78551-2022,11.4,13/09/2023,
296,123,Local Bond,323.25,2024,FAA,AM-30458-2024,71.5,10/04/2019,
297,123,Federal Grant,183.45,2021,FHWA,PY-78213-2021,-,2024/07/20,Emergency supplemental
298,124,State Appropriation,1703.84,2023,FAA,CH-66506-2023,4.5,10/24/2024,Emergency supplemental
299,124,FEDERAL GRANT,864.85,2024,NTIA,FU-72497-2024,48.2,,
300,124,Private Partnership,363.27,2018,EPA,YH-52106-2018,2.4,08/25/2018,Emergency supplemental
301,124,,665.48,2020,HUD,KA-46975-2020,,06-19-2020,
302,125,ARPA Funds,269.58,2023,TBD,KN-75081-2023,69.3,01-11-2022,
303,126,State Revolving Fund,1258.37,N/A,FTA,CJ-83906-2025,73.7,12/10/2020,
304,127,Private Partnership,760.01,2022,TBD,AO-35388-2022,41.6,08-29-2021,
305,127,ARPA Funds,TBD,2021,FTA,LM-49348-2021,36.7,2020/07/16,
306,128,State Appropriation,169.99,2018,HUD,UC-75714-2018,56.8,2019/05/24,
307,128,Federal Loan,356.31,2022,FTA,FC-22220-2022,19.8,13/10/2018,
308,128,Federal Grant,197.62,N/A,HUD,NK-85041-2022,74.5,07/15/2018,Earmarked funds
309,128,Local Bond,107.81,2025,NTIA,MG-17163-2025,,01/01/2021,
310,129,ARPA Funds,1500.3,2022,FTA,QZ-19280-2022,0.4,2022-04-28,
311,130,ARPA Funds,573.75,2023,HUD,CI-61926-2023,3.7,03-28-2021,
312,131,,940.85,2024,FTA,,5.4,2023-02-11,
313,132,FEDERAL GRANT,610.7,2019,FAA,SL-16825-2019,99.3,02-12-2021,
314,132,ARPA Funds,375.3,2023,NTIA,FZ-72920-2023,77.6,04/19/2018,Pending reauthorization
315,132,State Appropriation,184.93,2025,FAA,ZF-84439-2025,86.9,10/18/2022,
316,132,Local Bond,126.36,2025,,RG-20255-2025,,2020-09-15,Match requirement 20%
317,133,IIJA Grant,513.19,2025,DOT,WD-27858-2025,33.9,05-30-2022,Pending reauthorization
318,133,Federal Grant,111.53,2021,TBD,GD-22983-2021,72.4,,Earmarked funds
319,133,State Appropriation,43.63,2018,?,LK-86732-2018,46.0,04-20-2024,Match requirement 20%
320,133,ARPA Funds,101.2,2018,FRA,MF-38580-2018,7.4,2020-12-16,Match requirement 20%
321,134,State Appropriation,663.18,2020,EPA,,3.2,01/12/2018,Earmarked funds
322,134,ARPA Funds,1273.48,2021,NTIA,PB-70613-2021,6.5,03/03/2018,Pending reauthorization
323,135,Local Bond,852.0,2024,DOT,PP-91869-2024,56.8,2019/11/09,
324,135,State Appropriation,186.74,2019,FTA,ZF-65847-2019,25.8,10/14/2024,
325,135,State Revolving Fund,153.71,2018,EPA,PR-12072-2018,71.3,,Earmarked funds
326,135,Local Bond,89.41,2023,NTIA,PY-71395-2023,77.0,2023-02-09,Pending reauthorization
327,136,Federal Loan,1867.72,2024,FAA,,71.0,,
328,137,IIJA Grant,697.79,2024,DOE,,,2019/08/22,
329,138,FEDERAL GRANT,656.84,2021,USACE,TH-55735-2021,14.9,11/01/2018,
330,138,Federal Loan,,2024,,,62.5,09-02-2021,Emergency supplemental
331,139,Local Bond,129.87,2021,FHWA,,41.8,25/01/2023,
332,139,Federal Loan,167.91,2019,USACE,DY-13949-2019,86.4,04-04-2019,Earmarked funds
333,140,Private Partnership,1236.94,2019,FHWA,LG-70857-2019,0.1,2024-02-17,Match requirement 20%
334,140,Private Partnership,1188.28,2019,FTA,IA-89932-2019,14.5,2022-07-29,Earmarked funds
335,140,Federal Loan,561.13,2025,FAA,GX-17505-2025,14.3,06-07-2021,
336,141,FEDERAL GRANT,1175.12,?,FRA,EB-20807-2025,98.3,02-05-2021,
337,141,Local Bond,446.67,2020,DOT,FY-53054-2020,96.0,23/04/2021,Emergency supplemental
338,141,Federal Loan,195.57,2018,HUD,MZ-67953-2018,,08-24-2021,
339,141,Local Bond,62.52,2020,FTA,FS-88002-2020,77.7,,
340,142,State Appropriation,901.69,2019,DOE,OT-72805-2019,57.7,2024/08/31,
341,142,Local Bond,940.64,2023,FRA,NN-23751-2023,54.6,2020/11/23,Pending reauthorization
342,142,Private Partnership,504.07,2022,NTIA,XR-50593-2022,27.7,2018/06/27,
343,142,ARPA Funds,86.96,2018,HUD,PX-37433-2018,92.1,10/14/2023,Emergency supplemental
344,143,State Appropriation,709.56,2024,FAA,ZF-50184-2024,67.7,2023-06-26,Pending reauthorization
345,143,Federal Grant,643.28,2025,FRA,KE-35001-2025,,2023-08-15,Emergency supplemental
346,143,Local Bond,344.55,2024,NTIA,LI-97945-2024,71.1,2019-05-02,Match requirement 20%
347,143,FEDERAL GRANT,165.01,2023,NTIA,LZ-29503-2023,3.7,2022/08/11,
348,144,State Appropriation,39.0,2020,-,TA-64850-2020,32.5,11/28/2022,Earmarked funds
349,144,Private Partnership,14.57,2023,NTIA,YP-16691-2023,12.6,07/29/2022,Pending reauthorization
350,145,ARPA Funds,1018.55,2018,FHWA,SV-62469-2018,,2019/08/06,Earmarked funds
351,146,FEDERAL GRANT,197.66,2018,FTA,RE-17316-2018,20.7,05/05/2020,Match requirement 20%
352,147,federal grant,2603.52,2024,DOT,AI-13262-2024,48.0,2019/10/16,
353,148,State Revolving Fund,1594.93,2020,FRA,BF-30811-2020,69.3,10-25-2023,
354,148,Federal Grant,884.47,2024,FHWA,XY-67666-2024,15.6,11-18-2020,Emergency supplemental
355,148,State Revolving Fund,586.96,2025,FAA,BL-28648-2025,90.5,,
356,149,State Revolving Fund,TBD,2018,FHWA,WB-77626-2018,94.2,05-17-2018,Emergency supplemental
357,149,Local Bond,1185.88,2025,DOT,XW-44407-2025,13.4,,Pending reauthorization
358,149,State Appropriation,463.47,2025,FHWA,UR-73687-2025,87.2,25/02/2019,Emergency supplemental
359,149,State Revolving Fund,433.75,TBD,,RI-18830-2020,,05-26-2024,
360,150,Federal Loan,789.21,2020,FHWA,,99.0,2019/12/07,
361,150,State Revolving Fund,1274.69,2022,HUD,ED-96914-2022,67.8,2024-11-26,Match requirement 20%
362,150,Federal grant ,479.44,,FAA,ZT-68214-2021,78.9,2022/06/08,
363,150,IIJA Grant,187.19,2022,DOT,NC-45765-2022,58.8,23/05/2018,
364,151,IIJA Grant,1184.47,2021,NTIA,LP-22736-2021,90.1,2019/01/06,
365,151,Local Bond,N/A,2019,DOE,OD-97295-2019,21.0,02/03/2023,Pending reauthorization
366,152,IIJA Grant,1638.58,2022,FRA,VN-73474-2022,92.1,,
367,153,State Revolving Fund,1099.01,2019,FAA,XR-33624-2019,8.1,2022/10/27,
368,153,Federal grant ,697.79,2025,FAA,HN-69233-2025,n/a,11/10/2018,Pending reauthorization
369,154,IIJA Grant,745.98,2019,DOT,JG-89011-2019,2.7,2019/09/20,Match requirement 20%
370,154,Local Bond,519.13,TBD,DOE,BY-70992-2020,2.8,09/12/2022,Emergency supplemental
371,155,ARPA Funds,456.14,2020,HUD,WJ-34648-2020,,2019-03-07,
372,155,Private Partnership,537.66,2023,DOT,IK-40362-2023,5.3,28/08/2021,Match requirement 20%
373,155,IIJA Grant,471.34,2022,USACE,SN-50653-2022,2.6,2023/08/17,
374,155,State Revolving Fund,434.91,2019,EPA,EA-66700-2019,14.2,2023/11/13,Earmarked funds
375,156,Federal Grant,1546.03,2021,EPA,,99.4,06-02-2023,
376,156,IIJA Grant,514.65,2024,EPA,QW-69364-2024,50.0,2018/05/30,
377,156,State Revolving Fund,243.62,2018,HUD,UB-29974-2018,N/A,15/10/2021,Match requirement 20%
378,156,State Appropriation,401.43,2023,DOT,UH-94531-2023,46.0,12/02/2023,Earmarked funds
379,157,,45.53,2019,EPA,PJ-70980-2019,91.8,28/11/2022,
380,157,State Revolving Fund,45.95,2024,FHWA,PF-21159-2024,12.9,13/07/2018,Pending reauthorization
381,158,State Appropriation,780.03,2018,FRA,YJ-38633-2018,20.7,2021/02/21,Pending reauthorization
382,159,Private Partnership,808.93,2023,FAA,IO-58214-2023,0.4,2021-11-04,Emergency supplemental
383,159,IIJA Grant,511.45,2020,NTIA,WX-28797-2020,12.1,09-10-2018,
384,159,IIJA Grant,480.52,,HUD,IB-36805-2025,0.6,07-10-2019,
385,160,State Appropriation,231.45,2020,HUD,HT-32658-2020,,11/23/2022,Pending reauthorization
386,160,IIJA Grant,278.8,2018,FHWA,VP-43145-2018,8.9,2020/08/27,
387,161,Federal Loan,872.25,TBD,DOT,QR-70513-2021,42.8,2022-08-31,
388,161,Private Partnership,277.16,2018,EPA,YB-81438-2018,64.5,10-15-2018,Earmarked funds
389,161,Federal Loan,436.37,TBD,FAA,GL-92055-2019,39.9,09/08/2018,Match requirement 20%
390,162,Federal Grant,181.12,2019,DOE,UA-42638-2019,4.1,15/12/2020,Emergency supplemental
391,162,State Appropriation,179.45,2024,DOE,AF-75203-2024,TBD,2023/08/26,
392,162,Federal Loan,324.61,2018,N/A,MA-87831-2018,9.1,2022-07-08,Earmarked funds
393,163,State Appropriation,2598.74,2022,FHWA,FE-49091-2022,21.5,2018-05-06,Earmarked funds
394,163,State Revolving Fund,933.39,2020,EPA,XX-28530-2020,,03-04-2024,Emergency supplemental
395,163,Local Bond,,2021,USACE,OF-74099-2021,19.5,2024/04/23,Pending reauthorization
396,163,State Revolving Fund,168.07,2022,N/A,MC-15058-2022,40.0,2019-03-09,
397,164,federal grant,749.34,2022,n/a,XB-80649-2022,38.1,02-22-2019,Match requirement 20%
398,164,Local Bond,678.49,2024,FRA,JT-40339-2024,50.0,2019-01-02,Match requirement 20%
399,164,Federal Grant,137.55,2019,FTA,KZ-29947-2019,49.7,06/09/2019,Pending reauthorization
400,165,,491.14,2023,FAA,,79.0,03-04-2020,Match requirement 20%
401,165,,494.95,2021,HUD,QO-34748-2021,87.2,2023/04/25,
402,166,ARPA Funds,1202.02,2024,DOT,DC-72387-2024,84.3,19/12/2021,Earmarked funds
403,166,Private Partnership,746.13,2025,DOT,HT-86687-2025,18.4,2021-07-06,
404,166,Federal grant ,468.98,2025,FRA,CR-91652-2025,28.4,10/15/2021,
405,167,IIJA Grant,1365.3,2020,FRA,FE-80107-2020,81.0,2022-01-11,Earmarked funds
406,167,Local Bond,,2019,FRA,YY-98491-2019,89.0,2024-09-01,Match requirement 20%
407,168,Federal Loan,2389.75,2018,DOT,UE-49580-2018,87.3,06-28-2023,Pending reauthorization
408,169,Federal Grant,455.85,2025,FRA,DD-41752-2025,17.3,24/01/2019,
409,169,Federal Grant,246.07,2020,N/A,XV-81999-2020,99.3,2024/05/28,Emergency supplemental
410,169,Federal Grant,N/A,2025,FHWA,MU-79170-2025,63.2,04/09/2022,Earmarked funds
411,169,Private Partnership,80.89,2025,USACE,EK-17768-2025,85.2,03-19-2021,Match requirement 20%
412,170,IIJA Grant,398.12,2018,FHWA,ID-29551-2018,6.1,11/27/2022,
413,170,Federal Grant,163.64,2025,HUD,BJ-53910-2025,8.7,2023-10-11,Emergency supplemental
414,170,IIJA Grant,194.08,2021,USACE,TP-37376-2021,19.4,07/11/2023,Earmarked funds
415,170,Local Bond,91.14,-,,FA-40071-2020,71.7,2018-08-06,
416,171,Federal grant ,1281.96,2024,FTA,QX-92042-2024,13.8,08/01/2021,
417,171,IIJA Grant,TBD,2022,HUD,RC-74155-2022,10.0,01-19-2024,Pending reauthorization
418,172,Local Bond,323.77,2021,,,60.3,2024/11/18,
419,172,ARPA Funds,561.03,-,NTIA,RS-26746-2023,33.2,2022/06/11,Earmarked funds
420,173,IIJA Grant,600.77,2019,FHWA,II-71564-2019,38.1,2019/09/18,
421,173,Federal Loan,433.2,2023,NTIA,HJ-96838-2023,65.3,23/03/2020,
422,173,Local Bond,256.1,2023,,LS-34364-2023,17.0,04-17-2020,Match requirement 20%
423,173,ARPA Funds,363.01,2024,FHWA,FW-30218-2024,41.3,2021-05-31,
424,174,,857.16,2019,USACE,YS-96750-2019,36.6,04/09/2024,
425,175,Federal Grant,1040.36,2023,EPA,OR-60985-2023,43.7,12-26-2018,Pending reauthorization
426,175,ARPA Funds,164.26,2023,DOT,BE-52384-2023,5.8,09-08-2020,
427,175,ARPA Funds,,2023,EPA,EC-56618-2023,,2020-08-21,
428,175,ARPA Funds,143.72,2022,FAA,LX-26059-2022,65.7,2018/12/02,Earmarked funds
429,176,Federal Grant,,2018,N/A,NF-38400-2018,37.3,02/06/2024,Earmarked funds
430,177,Federal Grant,280.89,2019,EPA,VW-22409-2019,14.4,2019-01-15,Emergency supplemental
431,178,State Appropriation,1343.24,2021,DOT,LN-96542-2021,49.2,06-02-2023,
432,178,State Appropriation,481.25,2024,FTA,PF-28415-2024,7.4,2020-03-08,Match requirement 20%
433,178,federal grant,1731.4,2025,NTIA,JE-68846-2025,25.5,2018-01-29,Earmarked funds
434,179,State Appropriation,131.48,2020,FTA,LV-18319-2020,54.2,13/05/2019,
435,179,Local Bond,115.12,2018,USACE,FU-96867-2018,34.1,10/30/2022,
436,179,Federal Loan,69.06,2024,FHWA,KH-23529-2024,?,03-30-2024,
437,179,IIJA Grant,27.3,2022,HUD,JV-11514-2022,59.1,2021-09-23,
438,180,Private Partnership,1116.96,2019,HUD,QA-91303-2019,35.9,,Earmarked funds
439,180,Federal grant ,900.9,2025,EPA,QD-48468-2025,67.2,2022-03-18,Emergency supplemental
440,180,Private Partnership,804.58,2020,HUD,KO-92749-2020,99.8,08/19/2022,
441,180,,209.21,2023,EPA,YI-54770-2023,82.8,05-18-2022,
442,181,IIJA Grant,640.51,2021,NTIA,CS-77506-2021,,08/22/2022,
443,181,Private Partnership,2340.16,2022,DOE,UH-93974-2022,79.9,2021/02/25,
444,182,Private Partnership,1603.71,2018,EPA,,,,
445,182,ARPA Funds,998.92,2020,HUD,KZ-78068-2020,77.2,2022/11/18,Pending reauthorization
446,183,State Revolving Fund,611.05,2020,NTIA,TD-52195-2020,20.3,2019/04/24,
447,183,Local Bond,1397.82,2018,HUD,MJ-59658-2018,70.9,,
448,184,ARPA Funds,1963.35,2023,,JT-27860-2023,-,01-26-2019,
449,184,ARPA Funds,752.11,2022,NTIA,IY-37988-2022,1.0,2024-11-13,
450,185,Federal Grant,194.08,2021,HUD,HP-57749-2021,,02/02/2024,Emergency supplemental
451,186,federal grant,228.0,2025,DOT,LZ-38782-2025,51.5,07/05/2023,Match requirement 20%
452,187,Federal Loan,643.33,-,FRA,LS-75060-2024,25.6,2023-02-24,
453,188,Local Bond,2399.3,2019,DOT,FW-64439-2019,,01-10-2024,
454,188,federal grant,1174.03,2020,FHWA,KZ-14254-2020,88.7,2024/02/03,Emergency supplemental
455,189,ARPA Funds,2651.71,2023,FTA,GD-60960-2023,74.9,2023/03/31,
456,189,IIJA Grant,445.02,2023,DOT,EQ-75488-2023,57.4,03/19/2020,
457,189,ARPA Funds,,2019,DOE,IM-88068-2019,7.3,2021/11/18,Pending reauthorization
458,190,State Revolving Fund,781.54,2024,FTA,AC-20747-2024,22.4,2019-03-12,Emergency supplemental
459,191,ARPA Funds,51.53,2019,USACE,XG-70328-2019,70.4,2018/03/17,Match requirement 20%
460,192,Federal Loan,1564.3,2024,FAA,AR-25488-2024,4.5,13/01/2020,Pending reauthorization
461,192,IIJA Grant,520.19,2023,FAA,EW-71198-2023,0.7,2019/04/19,Emergency supplemental
462,192,ARPA Funds,572.22,2019,FHWA,NR-72165-2019,20.0,21/11/2021,Earmarked funds
463,192,ARPA Funds,234.5,2021,EPA,VR-55960-2021,59.5,12/16/2020,Emergency supplemental
464,193,Federal grant ,1956.0,2023,FHWA,DA-57781-2023,24.1,07-22-2023,
465,193,Federal Grant,395.71,2025,FRA,,23.0,06-03-2020,Pending reauthorization
466,193,Federal Grant,652.76,2025,DOE,BU-46023-2025,8.7,2018/01/06,Earmarked funds
467,194,Private Partnership,1185.18,2024,FAA,LR-61654-2024,86.4,2018/06/02,Pending reauthorization
468,194,State Appropriation,932.01,2018,FTA,,62.8,2022/11/22,
469,194,Federal Loan,535.02,2018,,,25.2,08/09/2021,
470,194,Local Bond,664.87,2025,FHWA,WM-66716-2025,75.6,2018-09-05,
471,195,State Revolving Fund,294.06,2022,,PZ-98102-2022,1.5,28/04/2020,Pending reauthorization
472,195,IIJA Grant,619.2,,FHWA,GM-69646-2019,7.9,01-13-2024,Match requirement 20%
473,196,Federal Grant,1991.71,2022,HUD,MN-90522-2022,1.0,2019/04/28,
474,196,,750.25,2022,n/a,OR-51346-2022,99.7,2024-08-03,Pending reauthorization
475,196,,724.82,2021,FHWA,PP-91585-2021,40.2,,Pending reauthorization
476,197,Private Partnership,n/a,2018,EPA,FE-25397-2018,,31/10/2024,Emergency supplemental
477,198,Federal Grant,976.0,2022,FRA,UA-41131-2022,91.0,08/18/2018,Emergency supplemental
478,198,IIJA Grant,266.79,2023,DOE,CW-80226-2023,15.7,19/08/2019,Pending reauthorization
479,199,IIJA Grant,1570.47,2018,DOE,,51.3,2024/06/13,Earmarked funds
480,200,FEDERAL GRANT,35.73,2023,FHWA,DG-63375-2023,71.2,2018-06-18,Pending reauthorization
481,200,Local Bond,16.71,2020,FAA,IL-69247-2020,62.8,2023/07/13,Match requirement 20%
482,200,Federal Grant,11.58,2018,FAA,,28.5,2021/09/17,Emergency supplemental
483,201,State Revolving Fund,2367.18,2019,EPA,PI-13915-2019,93.0,2023-01-19,Earmarked funds
484,201,IIJA Grant,1085.38,2019,DOE,MY-16478-2019,5.6,03/04/2021,Emergency supplemental
485,201,,193.13,2024,USACE,OU-56677-2024,75.9,2021-05-20,
486,202,,215.75,2024,FRA,BY-99345-2024,n/a,2018/10/08,Earmarked funds
487,202,State Appropriation,66.61,2019,,FB-63201-2019,28.5,2018/05/16,Pending reauthorization
488,202,State Revolving Fund,75.19,2020,FTA,PN-47136-2020,,2023/01/17,
489,202,FEDERAL GRANT,61.81,2022,EPA,KH-46450-2022,14.9,08-19-2022,Match requirement 20%
490,203,State Revolving Fund,471.19,2025,HUD,OI-79006-2025,44.6,12/28/2018,Match requirement 20%
491,204,Federal Grant,660.0,2020,USACE,PA-82813-2020,93.9,03/17/2022,Match requirement 20%
492,204,Local Bond,252.58,2022,USACE,DX-39695-2022,46.8,01/08/2020,
493,205,Private Partnership,663.44,2023,n/a,RX-52670-2023,67.6,15/01/2023,Earmarked funds
494,205,,1615.16,2024,HUD,YG-64294-2024,,2019-11-10,
495,206,State Revolving Fund,838.26,2019,NTIA,GC-85292-2019,9.3,12/02/2023,Emergency supplemental
496,206,Local Bond,754.86,2025,USACE,ZE-74221-2025,67.2,,Match requirement 20%
497,206,federal grant,108.97,2022,NTIA,VU-48728-2022,58.0,07/23/2022,Emergency supplemental
498,206,Federal Grant,67.55,2025,FAA,TJ-38944-2025,4.0,11/11/2018,
499,207,Local Bond,2694.39,2018,HUD,PL-42625-2018,80.0,06/01/2020,Earmarked funds
500,207,IIJA Grant,n/a,2020,USACE,DB-41713-2020,40.5,04-22-2023,
501,208,State Appropriation,2846.84,2020,FTA,CJ-88489-2020,20.3,2020-01-09,Pending reauthorization
502,208,,857.31,2023,FAA,XP-34686-2023,14.5,03/20/2019,Pending reauthorization
503,208,Private Partnership,275.62,2019,FTA,HN-51426-2019,9.9,21/10/2024,Pending reauthorization
504,208,Federal Grant,n/a,2018,DOT,XD-44543-2018,23.3,01/13/2023,
505,209,State Revolving Fund,1529.64,2019,N/A,WJ-79361-2019,10.8,2022/03/31,
506,209,ARPA Funds,210.33,2021,DOE,BP-59255-2021,28.8,08-09-2023,
507,210,Federal grant ,1199.93,2025,FHWA,WZ-58322-2025,0.7,,Earmarked funds
508,210,Federal grant ,182.55,2019,FTA,NW-25406-2019,,10/19/2024,Pending reauthorization
509,211,Federal grant ,561.75,2018,NTIA,UR-78666-2018,46.2,2023/07/04,
510,211,Private Partnership,306.71,2024,FHWA,LQ-87938-2024,36.2,24/04/2024,
511,211,Local Bond,96.96,2023,FHWA,,35.7,05/10/2022,
512,211,Private Partnership,62.11,2025,FAA,JZ-91651-2025,66.7,,Match requirement 20%
513,212,ARPA Funds,,2019,EPA,MP-84527-2019,,2024/07/25,Pending reauthorization
514,212,State Revolving Fund,191.61,2023,DOE,VE-32500-2023,5.3,16/09/2024,Match requirement 20%
515,212,Local Bond,166.49,2020,EPA,CQ-76936-2020,43.2,03/02/2018,Pending reauthorization
516,212,State Appropriation,298.08,2025,HUD,XR-37745-2025,30.2,2021/07/31,Pending reauthorization
517,213,Federal Loan,2531.77,2024,,JQ-64749-2024,18.6,,Match requirement 20%
518,214,Private Partnership,424.07,2022,FTA,,?,2018/03/06,Match requirement 20%
519,214,ARPA Funds,438.25,2019,DOE,TW-86837-2019,24.5,,Emergency supplemental
520,214,ARPA Funds,133.87,2022,EPA,HY-52380-2022,28.4,,
521,215,Federal Loan,124.83,2022,DOE,JB-91818-2022,,11-27-2020,
522,216,FEDERAL GRANT,1870.06,2020,FTA,TC-33241-2020,0.0,11-30-2019,
523,217,Federal Loan,89.62,2024,USACE,UD-54635-2024,98.1,,
524,218,Private Partnership,577.81,2020,EPA,,58.5,21/04/2019,
525,218,Federal Loan,925.64,2019,HUD,KD-25821-2019,82.9,05-06-2018,
526,218,State Appropriation,347.61,2020,FAA,UD-96779-2020,38.6,,
527,219,Federal Grant,TBD,2023,EPA,JV-79942-2023,76.8,08/23/2020,Match requirement 20%
528,220,Local Bond,TBD,2023,DOE,ZW-30830-2023,3.6,03/10/2022,
529,220,,44.82,2022,,SX-75432-2022,7.3,07-04-2019,
530,221,State Revolving Fund,80.69,2020,HUD,UD-46242-2020,18.3,11/19/2021,Match requirement 20%
531,222,Federal Loan,,2019,,YO-59981-2019,64.8,13/11/2019,
532,222,Federal Loan,241.24,2019,,JG-20570-2019,72.5,27/06/2024,
533,222,Federal Grant,99.2,2022,,PP-62363-2022,19.8,,
534,223,IIJA Grant,500.25,2022,EPA,JI-23214-2022,19.6,,
535,223,Private Partnership,,2023,FTA,ZU-66215-2023,22.9,27/12/2021,
536,223,State Revolving Fund,286.16,2018,DOE,VE-93008-2018,82.6,04-04-2019,
537,224,State Appropriation,1316.34,2019,,IP-42003-2019,75.7,2023-08-02,Pending reauthorization
538,224,Federal grant ,535.53,2022,,,,,
539,225,Federal grant ,1370.15,2018,FRA,,4.6,2023-10-22,Match requirement 20%
540,225,FEDERAL GRANT,926.33,,N/A,IM-37924-2018,72.4,06-10-2021,Match requirement 20%
541,226,State Revolving Fund,994.38,2022,EPA,,47.2,2019/08/25,
542,226,State Revolving Fund,1107.39,2025,FAA,TX-18331-2025,21.8,05/22/2023,
543,226,IIJA Grant,140.46,2019,DOT,IN-76821-2019,80.8,,
544,227,FEDERAL GRANT,1918.74,2023,FRA,FO-80691-2023,-,09-03-2020,Earmarked funds
545,228,Federal Grant,1337.17,2020,FHWA,ZB-56545-2020,19.7,,Match requirement 20%
546,228,ARPA Funds,N/A,2025,FAA,NN-87046-2025,,11-06-2019,
547,228,State Appropriation,136.51,2019,EPA,CL-97643-2019,49.2,03-05-2018,Match requirement 20%
548,228,federal grant,74.32,2018,HUD,KC-12054-2018,,08-19-2023,
549,229,FEDERAL GRANT,513.17,2022,DOT,RT-93766-2022,77.6,12-04-2020,Pending reauthorization
550,229,FEDERAL GRANT,285.92,2019,DOE,,51.2,2021-03-27,Pending reauthorization
551,229,,35.77,2021,FAA,SE-59982-2021,80.6,04-06-2023,Match requirement 20%
552,229,State Appropriation,54.41,2019,DOT,XQ-13639-2019,37.9,26/06/2023,
553,230,IIJA Grant,1442.46,2021,FRA,DU-25718-2021,12.4,08-04-2022,
554,230,IIJA Grant,393.45,2020,USACE,SQ-17867-2020,53.4,01-09-2021,Match requirement 20%
555,231,Federal Grant,110.66,2023,FHWA,MB-75152-2023,71.6,14/09/2023,
556,231,FEDERAL GRANT,,2022,HUD,HK-86978-2022,24.5,07/06/2021,Earmarked funds
557,232,,807.9,2025,FAA,UV-83724-2025,35.2,2021/04/03,Earmarked funds
558,232,,221.98,2024,FHWA,ZW-39170-2024,14.1,2020-11-01,
559,232,IIJA Grant,115.84,2018,DOE,ZU-48947-2018,24.7,09-13-2024,Match requirement 20%
560,233,Private Partnership,1201.0,2023,DOT,LN-25201-2023,17.3,2020-03-01,
561,233,Federal Loan,171.18,2024,EPA,CK-45471-2024,N/A,02/07/2021,
562,233,Local Bond,274.39,2018,FAA,HQ-87026-2018,35.7,25/11/2023,
563,234,Local Bond,,2025,FRA,PU-85820-2025,18.7,12/11/2021,
564,234,ARPA Funds,520.93,?,DOE,BX-72443-2023,24.9,04/18/2018,Emergency supplemental
565,235,State Revolving Fund,2834.35,2021,HUD,TN-16772-2021,,,
566,236,State Revolving Fund,350.0,2019,EPA,DP-46605-2019,34.7,01/10/2020,Emergency supplemental
567,236,Federal Grant,426.09,2021,EPA,VO-80572-2021,5.7,2022/11/13,
568,237,Federal grant ,1440.62,2025,NTIA,OY-10640-2025,58.8,06-13-2024,
569,237,State Appropriation,,2022,EPA,,79.3,07-14-2020,Match requirement 20%
570,237,Federal Loan,670.08,2022,FTA,WY-59500-2022,44.9,05-18-2018,
571,237,State Appropriation,462.26,2018,USACE,YL-29822-2018,97.8,2021-04-01,
572,238,,2227.78,2020,HUD,ZL-11912-2020,27.0,2018/01/12,Match requirement 20%
573,238,Federal Grant,452.9,n/a,EPA,FI-75053-2021,11.8,01/31/2022,Earmarked funds
574,238,Private Partnership,332.13,2020,,JA-80733-2020,78.4,01/04/2018,Emergency supplemental
575,238,ARPA Funds,-,2023,,NL-80268-2023,26.7,10/02/2024,
576,239,Federal Grant,1013.48,2018,HUD,CW-73989-2018,99.2,08/03/2021,Pending reauthorization
577,239,Private Partnership,444.61,2018,NTIA,JN-66240-2018,12.2,04/09/2019,Match requirement 20%
578,240,Private Partnership,,2020,FTA,DS-85529-2020,n/a,11-17-2023,
579,240,IIJA Grant,1285.99,2024,FAA,MJ-97392-2024,4.0,19/03/2023,Earmarked funds
580,241,ARPA Funds,1625.76,2023,FAA,KW-73000-2023,97.3,07-11-2018,Emergency supplemental
581,241,State Revolving Fund,582.55,2020,DOT,MD-57263-2020,29.9,2021/02/03,
582,241,Private Partnership,255.61,2018,FHWA,MH-66595-2018,20.2,2018-06-03,Pending reauthorization
583,241,Private Partnership,336.53,2018,USACE,NI-78559-2018,49.8,03-02-2022,
584,242,Federal Loan,2544.56,2025,FTA,IZ-65602-2025,91.4,11/05/2022,Pending reauthorization
585,243,ARPA Funds,1105.28,2018,FTA,TZ-66644-2018,12.9,06/10/2022,Match requirement 20%
586,243,State Revolving Fund,368.03,2021,USACE,SP-16371-2021,9.0,2018-01-17,
587,243,State Revolving Fund,59.82,2020,FTA,DW-57884-2020,-,01/06/2024,
588,244,Federal Loan,810.57,2021,NTIA,,15.6,02-12-2020,
589,244,,191.86,2020,FHWA,HH-55419-2020,4.9,20/02/2021,Emergency supplemental
590,245,Private Partnership,408.9,2018,HUD,FA-91229-2018,1.2,06-07-2023,
591,246,FEDERAL GRANT,1479.86,2025,EPA,MF-52007-2025,31.0,14/03/2019,Match requirement 20%
592,246,Local Bond,1130.03,2019,NTIA,,64.2,04-30-2020,Match requirement 20%
593,246,State Revolving Fund,773.47,2021,DOE,VB-27248-2021,60.3,10-08-2024,
594,247,State Appropriation,495.53,2024,EPA,AY-61327-2024,85.6,25/08/2021,
595,247,Private Partnership,1040.05,2020,,ZS-92777-2020,5.6,2019/09/08,
596,248,State Appropriation,1051.97,2018,DOT,ET-38579-2018,0.6,06-28-2018,
597,248,State Appropriation,436.19,2025,EPA,IM-13645-2025,3.6,2021-01-28,Earmarked funds
598,248,ARPA Funds,224.62,2021,NTIA,IF-18910-2021,12.3,2023-10-10,Emergency supplemental
599,249,,538.34,2023,EPA,VT-77611-2023,3.8,07/27/2019,
600,249,Local Bond,245.11,2021,FAA,BB-28864-2021,14.0,06/11/2021,Pending reauthorization
601,250,Federal Loan,,2020,EPA,JC-98304-2020,66.7,2021/06/05,Earmarked funds
602,250,Private Partnership,646.19,2025,?,QB-67449-2025,50.6,06/26/2021,Match requirement 20%
603,250,IIJA Grant,291.44,2018,FRA,PI-92996-2018,42.7,05-27-2024,
604,251,Local Bond,1797.58,2025,FHWA,HE-98076-2025,68.0,2020/11/03,Match requirement 20%
605,251,ARPA Funds,367.01,2025,DOT,HG-43399-2025,88.9,10/03/2020,Emergency supplemental
606,251,Federal Loan,352.28,2018,,TG-65158-2018,58.6,2019-07-08,Pending reauthorization
607,251,federal grant,53.07,2019,FRA,EA-30091-2019,,2019-02-12,Emergency supplemental
608,252,Local Bond,320.94,2021,FTA,XM-14582-2021,N/A,2020/01/20,Emergency supplemental
609,252,State Appropriation,287.51,2025,USACE,VW-32828-2025,93.9,19/06/2021,Pending reauthorization
610,253,State Revolving Fund,1217.34,2018,EPA,NE-14348-2018,84.4,08/07/2018,
611,254,Federal Grant,348.22,2018,NTIA,WF-44773-2018,69.8,16/02/2024,Pending reauthorization
612,254,FEDERAL GRANT,656.85,2020,FRA,TE-60630-2020,49.4,04/19/2018,
613,255,Federal Loan,533.41,N/A,HUD,LG-12063-2024,2.6,,Match requirement 20%
614,255,Federal Grant,861.43,2025,NTIA,AG-51931-2025,2.5,07/04/2021,Earmarked funds
615,255,Private Partnership,389.05,2018,NTIA,GI-11019-2018,1.3,11-01-2019,
616,256,Local Bond,,2019,DOE,LF-60246-2019,53.4,2018-10-26,
617,257,ARPA Funds,364.82,2022,FRA,VL-67098-2022,91.2,2024-03-27,Earmarked funds
618,257,State Appropriation,844.29,2018,FTA,,75.3,2021-01-28,Emergency supplemental
619,257,State Appropriation,201.31,2025,USACE,BX-71171-2025,75.8,06/14/2018,
620,257,Federal Grant,167.92,2023,DOT,EG-83928-2023,55.6,2020-08-23,Emergency supplemental
621,258,Private Partnership,2190.41,2018,DOT,NR-35617-2018,10.7,12/05/2023,Match requirement 20%
622,258,ARPA Funds,1222.63,2025,USACE,ZM-53711-2025,14.6,07/13/2020,Pending reauthorization
623,259,Federal Loan,n/a,2022,NTIA,WF-32456-2022,80.0,12-04-2023,Earmarked funds
624,260,Federal grant ,791.19,2025,NTIA,OH-84400-2025,33.2,2021-03-29,
625,260,ARPA Funds,2435.6,2022,FAA,EG-60776-2022,28.8,2024-07-30,
626,261,State Appropriation,,2022,NTIA,QU-38867-2022,85.7,,
627,262,ARPA Funds,285.69,-,DOE,NR-60322-2022,?,06/17/2021,Pending reauthorization
628,263,State Appropriation,1887.29,2020,FTA,MY-92421-2020,3.7,2021-10-17,
629,263,federal grant,198.25,2018,EPA,MO-91393-2018,54.1,26/09/2023,Pending reauthorization
630,263,State Revolving Fund,401.53,2022,EPA,,6.2,,Match requirement 20%
631,263,IIJA Grant,381.14,2020,n/a,VT-88593-2020,27.3,2021/08/18,
632,264,ARPA Funds,200.87,2018,FAA,QB-86890-2018,,01-21-2021,
633,264,,250.46,2024,USACE,WK-56822-2024,30.7,04-01-2023,Earmarked funds
634,265,Local Bond,718.4,2022,NTIA,BJ-89500-2022,,10/08/2021,Earmarked funds
635,266,IIJA Grant,2132.6,2025,DOE,WO-56218-2025,72.7,09-26-2019,Emergency supplemental
636,266,Local Bond,880.92,2025,DOT,XQ-83742-2025,68.6,10-20-2022,Emergency supplemental
637,266,State Revolving Fund,258.05,2018,FHWA,TI-20767-2018,94.1,03/04/2021,
638,267,Private Partnership,939.33,2024,FTA,ST-12852-2024,27.1,25/09/2023,Emergency supplemental
639,267,Federal Loan,1568.37,2021,FRA,,10.2,2024-11-15,
640,267,Private Partnership,524.16,2021,,WB-33689-2021,67.7,13/10/2024,Pending reauthorization
641,268,State Revolving Fund,1145.58,2025,DOE,IY-59476-2025,31.1,2021-11-28,Match requirement 20%
642,268,Local Bond,367.63,2024,DOT,IF-16463-2024,53.7,09/07/2019,Pending reauthorization
643,268,ARPA Funds,41.69,2022,FHWA,UK-60529-2022,44.0,03/11/2019,Emergency supplemental
644,268,Private Partnership,122.51,2020,FAA,VP-42669-2020,5.5,16/07/2024,Match requirement 20%
645,269,Local Bond,2275.92,2023,FRA,GZ-83313-2023,60.3,12-13-2018,Match requirement 20%
646,269,ARPA Funds,1132.61,2022,NTIA,VA-43793-2022,7.3,26/02/2022,
647,269,IIJA Grant,283.1,2018,n/a,HL-15700-2018,74.9,2024-11-28,Pending reauthorization
648,269,,176.14,2021,HUD,LR-23873-2021,41.4,06-26-2020,Match requirement 20%
649,270,Federal Loan,474.79,2020,FRA,MX-54361-2020,92.0,25/12/2021,
650,270,Private Partnership,199.32,2018,DOT,YG-42883-2018,40.7,02-27-2018,Emergency supplemental
651,271,IIJA Grant,2107.12,2024,DOT,PC-29047-2024,64.1,26/10/2022,
652,272,ARPA Funds,445.62,N/A,FHWA,MB-36852-2021,5.8,,
653,272,Federal Loan,,2019,DOT,,12.4,08/10/2022,Pending reauthorization
654,273,FEDERAL GRANT,10.17,2021,NTIA,JQ-47923-2021,,10-26-2024,Match requirement 20%
655,273,Federal grant ,13.84,,HUD,ZF-52582-2025,,2020/07/28,Emergency supplemental
656,274,ARPA Funds,1709.43,TBD,FTA,FQ-97113-2020,87.5,2019/02/26,
657,274,Local Bond,726.91,2019,TBD,YI-77557-2019,28.0,02/11/2018,Pending reauthorization
658,274,Federal grant ,981.54,2021,EPA,TD-68748-2021,95.3,09/13/2021,Earmarked funds
659,275,Private Partnership,475.17,2022,FRA,NE-88563-2022,95.6,09-01-2020,
660,275,IIJA Grant,347.57,2020,FRA,ED-60689-2020,10.9,05-13-2024,Emergency supplemental
661,275,IIJA Grant,273.42,2025,FAA,ZW-20069-2025,72.2,31/08/2020,Earmarked funds
662,275,federal grant,126.23,2021,DOT,ZU-57788-2021,95.9,2024/08/18,Pending reauthorization
663,276,State Revolving Fund,1221.1,2020,FHWA,AW-39293-2020,-,05-29-2020,
664,276,ARPA Funds,628.29,2023,n/a,LC-92434-2023,69.7,2021-11-24,Earmarked funds
665,276,Federal Grant,302.26,2023,HUD,XQ-74900-2023,74.6,14/09/2020,
666,276,Private Partnership,139.2,2025,,RO-77591-2025,5.2,,
667,277,IIJA Grant,2006.0,2022,USACE,TG-50505-2022,72.8,05/03/2021,Pending reauthorization
668,278,federal grant,1487.3,2019,DOE,JD-96546-2019,,2020/11/02,
669,279,Local Bond,538.09,2023,,QV-14764-2023,72.9,2020/07/23,
670,279,IIJA Grant,872.67,,DOE,VA-37846-2019,56.4,04/11/2023,Pending reauthorization
671,279,State Revolving Fund,645.64,2018,EPA,JN-10578-2018,47.2,27/11/2021,Match requirement 20%
672,280,,417.16,2020,,BE-68184-2020,32.0,29/11/2022,Match requirement 20%
673,280,Local Bond,345.39,2022,DOT,YJ-54774-2022,75.1,03-22-2023,
674,280,Private Partnership,424.67,2022,FRA,ZI-64953-2022,65.5,10-08-2024,
675,280,State Revolving Fund,151.22,2024,HUD,MA-58269-2024,6.0,22/08/2022,
676,281,Private Partnership,872.33,2023,USACE,GF-80841-2023,57.8,09/27/2020,Match requirement 20%
677,282,Federal Grant,522.12,2021,EPA,ZT-29050-2021,46.4,03/27/2022,
678,282,federal grant,839.12,2025,FHWA,OQ-46583-2025,47.0,12/24/2022,
679,282,Federal Grant,108.32,2024,EPA,RG-22424-2024,91.1,,Match requirement 20%
680,282,FEDERAL GRANT,113.13,2021,FHWA,XN-66504-2021,47.5,2021-08-29,Match requirement 20%
681,283,IIJA Grant,43.01,2018,FRA,WK-80286-2018,31.4,2021/04/11,Pending reauthorization
682,283,Private Partnership,,2024,FAA,RK-20228-2024,39.7,26/09/2020,
683,284,Federal grant ,214.8,2025,HUD,QL-41397-2025,25.4,06-30-2020,
684,284,Private Partnership,74.52,2018,FRA,LX-59592-2018,15.2,2024-06-12,Emergency supplemental
685,284,ARPA Funds,47.27,2018,HUD,AC-44320-2018,61.2,2021/10/06,Pending reauthorization
686,285,State Revolving Fund,124.37,2021,,LB-33291-2021,91.1,26/01/2021,
687,285,Federal grant ,127.95,2018,EPA,RZ-93714-2018,93.0,2018-05-05,Earmarked funds
688,285,Local Bond,,2022,DOT,AU-76538-2022,95.8,,
689,286,ARPA Funds,552.05,2020,NTIA,WT-72551-2020,73.7,07-11-2019,Match requirement 20%
690,286,Local Bond,543.73,2021,FRA,YH-99020-2021,84.0,05-28-2023,Earmarked funds
691,287,ARPA Funds,50.01,2021,EPA,BI-12667-2021,33.3,2018/08/23,Match requirement 20%
692,288,federal grant,1414.41,2022,FAA,GC-19400-2022,47.2,06/08/2023,Match requirement 20%
693,289,Private Partnership,927.37,2024,USACE,AD-61610-2024,37.8,08/26/2018,Match requirement 20%
694,289,Private Partnership,1039.35,2018,HUD,GJ-62711-2018,1.8,10/06/2022,Emergency supplemental
695,289,State Revolving Fund,326.22,?,EPA,QB-54342-2023,24.4,28/04/2022,Match requirement 20%
696,289,IIJA Grant,88.81,2021,EPA,OM-41029-2021,29.0,2018-05-04,
697,290,Federal Grant,1351.79,2024,-,PJ-61034-2024,97.7,2021/10/09,
698,290,,242.62,2018,HUD,SM-51126-2018,42.9,,Pending reauthorization
699,290,State Appropriation,569.37,2024,NTIA,EK-50396-2024,76.3,2019/05/02,
700,291,Local Bond,1049.53,,EPA,TQ-79996-2019,50.9,11-06-2019,Match requirement 20%
701,292,federal grant,256.82,2018,HUD,XF-79417-2018,N/A,05-05-2024,Earmarked funds
702,292,State Revolving Fund,132.8,2023,USACE,,23.8,05-19-2019,
703,292,Private Partnership,380.56,2020,FAA,TG-87160-2020,71.1,06-16-2024,
704,293,Federal Loan,183.39,2025,FTA,VI-86935-2025,,09/08/2019,Emergency supplemental
705,293,FEDERAL GRANT,39.05,2018,HUD,,92.5,12/05/2021,Earmarked funds
706,293,State Revolving Fund,47.56,,FAA,TI-63796-2019,87.3,25/04/2021,
707,293,Local Bond,13.82,2025,FHWA,JG-19419-2025,39.6,2020-08-08,
708,294,Federal grant ,558.18,2024,FTA,UJ-96916-2024,81.3,29/05/2022,
709,294,IIJA Grant,407.96,2022,FHWA,TE-30548-2022,?,04/12/2019,Earmarked funds
710,295,State Revolving Fund,3290.72,N/A,EPA,JU-83127-2021,75.7,04/13/2024,Earmarked funds
711,296,ARPA Funds,809.28,2025,-,DE-98294-2025,58.7,02-16-2024,Earmarked funds
712,296,State Revolving Fund,707.2,2023,FTA,FW-42828-2023,58.8,06/11/2020,
713,296,Private Partnership,635.61,2024,FTA,RC-29490-2024,93.9,,Emergency supplemental
714,297,State Appropriation,46.68,2020,DOT,BO-45713-2020,4.4,2024-03-25,Match requirement 20%
715,297,Federal Loan,23.93,2018,FHWA,AN-87695-2018,N/A,2018-02-18,Emergency supplemental
716,297,Federal Loan,14.13,2023,FRA,RV-87504-2023,59.0,26/01/2020,
717,298,FEDERAL GRANT,1506.51,2020,FRA,SS-55444-2020,56.6,2020/02/18,Earmarked funds
718,298,Federal Loan,259.01,2021,FTA,GL-64690-2021,,2021/12/20,
719,298,Federal Grant,255.35,2022,DOE,OT-48102-2022,64.9,,Match requirement 20%
720,298,Private Partnership,428.5,2025,USACE,XK-38517-2025,67.0,2024-05-17,Emergency supplemental
721,299,Private Partnership,137.46,2020,FAA,JO-76839-2020,12.5,06/12/2019,
722,299,State Appropriation,138.87,2020,FAA,XD-36982-2020,61.3,2024/10/23,Emergency supplemental
723,300,State Revolving Fund,148.46,2025,FTA,AD-48823-2025,36.3,2018/03/14,
724,301,Federal Loan,681.91,2020,DOE,DN-96898-2020,11.2,04-04-2023,
725,302,Private Partnership,532.6,2021,FAA,EA-21132-2021,64.2,01/05/2023,
726,303,Federal grant ,1274.54,2025,FAA,EL-57462-2025,44.6,2021/10/20,
727,303,ARPA Funds,986.06,2025,FRA,WE-12072-2025,75.8,2021/03/14,
728,304,Local Bond,493.48,2023,DOE,QD-51580-2023,31.0,2018/11/29,Earmarked funds
729,304,Federal grant ,347.15,2024,FTA,WI-48086-2024,78.0,05/09/2021,
730,305,Federal Loan,318.37,?,NTIA,YY-74679-2024,67.9,2024/05/24,
731,305,ARPA Funds,526.94,2018,n/a,CM-86830-2018,34.0,11/03/2020,
732,305,Local Bond,,2025,HUD,SP-61652-2025,42.4,06-11-2019,Match requirement 20%
733,305,Federal Loan,82.01,2023,DOE,MR-99108-2023,48.4,2022/12/25,Pending reauthorization
734,306,Private Partnership,1110.69,2018,FAA,BX-92280-2018,18.2,20/09/2023,
735,306,Private Partnership,685.49,2025,EPA,XT-70222-2025,12.0,2019/11/29,Match requirement 20%
736,306,Local Bond,164.7,2023,NTIA,SX-74175-2023,20.7,13/02/2018,
737,306,State Appropriation,209.54,2020,USACE,,60.9,2024-10-24,Pending reauthorization
738,307,FEDERAL GRANT,288.38,2024,USACE,AQ-36326-2024,,2019/04/29,
739,307,Federal Loan,242.77,2023,DOE,RM-92810-2023,99.4,,Earmarked funds
740,307,Federal Grant,348.18,2025,FTA,SX-60355-2025,60.9,09/29/2024,
741,308,Federal Loan,1362.85,2025,HUD,EG-81437-2025,84.4,22/03/2021,
742,308,State Revolving Fund,942.3,2024,NTIA,PE-58313-2024,36.2,06/16/2019,Emergency supplemental
743,308,IIJA Grant,414.52,2020,FRA,NM-59094-2020,72.6,2020-03-05,Emergency supplemental
744,308,Local Bond,156.68,2021,,YD-82171-2021,94.9,07-21-2018,
745,309,ARPA Funds,467.37,2025,DOT,ZG-67048-2025,7.9,18/05/2020,
746,310,ARPA Funds,TBD,2021,DOE,PW-30475-2021,79.3,10/29/2022,
747,310,FEDERAL GRANT,693.0,2018,NTIA,AM-64618-2018,2.6,2023/05/13,Earmarked funds
748,310,State Revolving Fund,955.06,2022,FAA,GL-36867-2022,61.4,12-06-2023,Emergency supplemental
749,310,Private Partnership,1007.61,2024,FTA,GO-33735-2024,33.9,2020/10/24,
750,311,federal grant,n/a,2023,NTIA,WN-38959-2023,?,,
751,312,Local Bond,536.89,2022,USACE,RW-23519-2022,98.1,02-11-2020,Pending reauthorization
752,312,Federal Grant,992.15,2024,EPA,SD-62866-2024,91.6,11/22/2023,
753,313,State Revolving Fund,1800.2,2025,,VS-67323-2025,84.6,08-15-2022,
754,314,State Revolving Fund,568.14,2020,DOT,YX-13565-2020,68.6,2018-03-12,
755,314,ARPA Funds,285.62,2025,FTA,,,2020/04/12,
756,314,State Revolving Fund,95.94,2023,NTIA,RU-57784-2023,19.6,2022-05-25,Emergency supplemental
757,315,State Revolving Fund,1639.59,2020,FTA,NI-81763-2020,24.2,2023/01/17,
758,315,State Appropriation,?,2021,FAA,GW-65850-2021,68.8,08/05/2024,
759,315,Federal Loan,488.03,2024,USACE,KY-72233-2024,48.1,12/04/2021,Emergency supplemental
760,315,,323.51,2022,FHWA,RU-79886-2022,65.1,08/19/2023,
761,316,Local Bond,216.71,2022,,,28.6,2022-02-23,
762,317,IIJA Grant,,2024,USACE,,64.8,10/03/2018,Match requirement 20%
763,318,Federal Grant,2026.67,2024,HUD,IG-67290-2024,64.9,2023-09-05,
764,319,Federal Loan,357.13,2021,NTIA,,,,
765,319,IIJA Grant,276.61,2021,DOT,SA-82107-2021,13.0,06/02/2024,Earmarked funds
766,319,federal grant,609.6,2024,USACE,XC-12335-2024,3.4,02/13/2024,Match requirement 20%
767,319,Federal Loan,344.62,2024,FTA,KN-61729-2024,2.6,25/10/2019,Emergency supplemental
768,320,State Appropriation,1098.43,2023,FAA,,42.4,02/11/2021,
769,320,Private Partnership,538.55,2023,FRA,DX-64275-2023,,16/03/2021,Emergency supplemental
770,321,FEDERAL GRANT,364.31,2021,FAA,KI-31598-2021,31.2,12-13-2019,
771,321,Local Bond,294.91,n/a,NTIA,CF-66392-2023,72.0,28/12/2018,Pending reauthorization
772,321,IIJA Grant,259.71,2024,FRA,BX-94833-2024,87.7,12/06/2019,
773,321,State Revolving Fund,142.24,2020,FAA,EK-68828-2020,44.7,26/10/2022,
774,322,Local Bond,1110.13,2022,HUD,FB-64667-2022,48.9,21/07/2023,
775,322,Federal Loan,744.3,2020,FHWA,KX-37052-2020,87.4,2023-06-05,
776,322,State Appropriation,245.65,2024,USACE,VE-65492-2024,13.5,08/27/2018,
777,323,FEDERAL GRANT,118.95,2023,FAA,VW-85995-2023,80.3,03/30/2018,Earmarked funds
778,323,federal grant,47.28,2020,EPA,YC-82123-2020,99.3,23/08/2019,Earmarked funds
779,323,Federal Grant,56.73,2024,EPA,WB-83968-2024,99.9,05/11/2023,Emergency supplemental
780,323,Federal Grant,,2025,DOE,FN-69425-2025,8.3,2021-02-23,Pending reauthorization
781,324,Local Bond,726.64,2022,FAA,VX-68836-2022,62.4,12/29/2023,
782,324,IIJA Grant,1938.15,2022,FHWA,PW-42613-2022,55.1,2021/04/26,
783,324,Private Partnership,259.19,2024,DOE,ZV-41743-2024,,06/12/2021,Emergency supplemental
784,324,Federal Grant,628.55,2021,FTA,DQ-20197-2021,79.4,2022/01/25,
785,325,Federal Loan,1751.53,2023,EPA,,93.6,2019-11-13,
786,325,Local Bond,334.6,2021,FTA,,N/A,2023-01-13,
787,326,IIJA Grant,519.81,2024,,GJ-64682-2024,99.8,03/02/2022,Emergency supplemental
788,327,Federal Grant,2243.9,2024,USACE,LE-86168-2024,16.8,2020/03/02,Emergency supplemental
789,327,State Revolving Fund,648.29,2023,EPA,DN-78503-2023,62.4,11-17-2023,
790,327,Private Partnership,179.91,2023,,LB-98184-2023,93.5,12-23-2022,
791,327,IIJA Grant,106.16,2025,FHWA,AD-21896-2025,93.3,2022-07-10,
792,328,Federal Loan,197.2,2023,FAA,JV-44016-2023,1.2,09/18/2018,
793,328,State Appropriation,315.57,2019,USACE,FT-32613-2019,30.3,13/10/2018,
794,328,Private Partnership,122.08,2020,FTA,KN-62472-2020,5.5,10/25/2023,Emergency supplemental
795,328,Federal Loan,53.82,2019,USACE,HU-11251-2019,43.0,2021-08-18,Match requirement 20%
796,329,Federal Grant,N/A,2025,FRA,VT-69358-2025,11.2,08/08/2018,
797,330,IIJA Grant,1542.28,2025,DOE,PA-97143-2025,42.7,2022-01-15,
798,330,Federal grant ,303.18,2023,DOT,OL-94444-2023,1.8,15/12/2024,Emergency supplemental
799,330,Federal Grant,494.33,2024,DOE,PQ-32532-2024,28.8,2022/10/11,
800,331,Federal Grant,423.43,2024,FRA,CD-97522-2024,82.2,,Emergency supplemental
801,332,IIJA Grant,422.78,2024,FTA,RS-44236-2024,9.2,02/17/2021,
802,332,Private Partnership,104.16,2020,FHWA,GM-24671-2020,37.0,2023-09-13,
803,333,State Revolving Fund,945.84,2025,DOT,SF-48716-2025,67.1,01-17-2020,
804,333,State Appropriation,,2021,DOE,,2.9,2021-09-06,Pending reauthorization
805,333,Local Bond,389.34,2020,EPA,EA-73451-2020,78.5,,Emergency supplemental
806,334,State Revolving Fund,280.2,2021,FAA,DY-24628-2021,42.4,03-18-2024,
807,334,Federal Loan,101.3,2018,DOE,HQ-40318-2018,54.4,2019-01-28,Pending reauthorization
808,334,Federal Loan,,2023,NTIA,ND-36799-2023,91.7,2024/03/10,
809,335,Local Bond,768.05,2023,FRA,JM-58640-2023,42.6,22/04/2021,
810,335,Federal Loan,292.4,2019,FTA,ZS-22228-2019,99.9,2024-08-14,Emergency supplemental
811,335,Federal Loan,541.75,2025,DOT,FK-80576-2025,58.1,2018/07/28,
812,336,Federal Loan,671.49,2020,NTIA,XB-65653-2020,94.5,2019-07-05,
813,336,State Revolving Fund,172.1,2018,DOE,ZI-80400-2018,9.9,11/10/2024,Earmarked funds
814,336,Local Bond,67.74,2018,NTIA,YQ-21130-2018,97.4,2022-02-24,Emergency supplemental
815,337,Private Partnership,677.52,2019,HUD,JQ-16837-2019,,2023-05-15,
816,338,ARPA Funds,,2022,NTIA,MN-37663-2022,29.6,2024-01-03,
817,339,Federal Grant,1379.61,2025,DOT,CZ-24693-2025,17.1,2019-03-14,Earmarked funds
818,340,ARPA Funds,1258.99,2022,FAA,MT-96678-2022,,12/02/2020,
819,340,Federal grant ,643.33,2022,HUD,KJ-94362-2022,50.5,01-08-2020,Match requirement 20%
820,340,,,2025,NTIA,CW-49234-2025,97.1,2024/06/14,Match requirement 20%
821,340,Private Partnership,260.35,2025,FRA,,,09/26/2020,
822,341,State Appropriation,147.19,2025,FTA,WO-50188-2025,44.2,2023/02/18,Earmarked funds
823,341,FEDERAL GRANT,130.76,2024,DOT,YA-56535-2024,42.0,,Emergency supplemental
824,341,FEDERAL GRANT,131.63,2025,FAA,XZ-45611-2025,3.4,2023/01/19,
825,342,IIJA Grant,536.45,2020,NTIA,QM-45011-2020,93.4,03/01/2024,Match requirement 20%
826,342,IIJA Grant,143.87,2018,DOT,YU-99892-2018,44.9,04-11-2023,
827,342,Local Bond,497.48,2024,USACE,,41.0,10-02-2022,
828,343,FEDERAL GRANT,61.28,2024,FTA,FM-71215-2024,,14/11/2020,
829,344,Local Bond,1086.53,2023,,,60.6,11-29-2021,Earmarked funds
830,344,federal grant,1580.22,2020,DOE,MG-66648-2020,57.4,21/12/2019,Match requirement 20%
831,345,federal grant,,2019,FRA,MP-22377-2019,,03/01/2022,Emergency supplemental
832,345,ARPA Funds,1073.25,2022,EPA,YH-34757-2022,55.8,05-01-2020,
833,345,Federal Loan,116.1,2018,EPA,MD-20396-2018,99.5,06-15-2024,Pending reauthorization
834,346,federal grant,1138.87,2024,FRA,TM-41534-2024,73.4,11-27-2023,Match requirement 20%
835,346,ARPA Funds,203.46,2020,DOT,QU-51090-2020,,2021/02/27,
836,347,Private Partnership,?,2021,DOE,ZE-57764-2021,43.8,02-13-2019,Match requirement 20%
837,348,FEDERAL GRANT,1408.58,2019,,SS-18598-2019,98.7,04/03/2023,Match requirement 20%
838,348,Federal grant ,592.74,2021,DOT,QB-10746-2021,9.8,31/03/2021,
839,348,ARPA Funds,492.51,N/A,FHWA,QW-45500-2024,25.0,2024-02-01,
840,348,IIJA Grant,649.96,2024,FHWA,DK-34974-2024,79.9,01/27/2021,
841,349,Private Partnership,255.53,2018,USACE,GT-75566-2018,41.5,03-26-2019,
842,349,Federal Grant,451.47,2019,DOT,UI-74239-2019,4.2,11-29-2019,Earmarked funds
843,350,State Revolving Fund,1863.72,2018,FRA,SW-18493-2018,32.8,23/05/2019,Pending reauthorization
844,350,Federal grant ,1077.97,2022,EPA,YL-60089-2022,65.9,18/11/2018,
845,351,IIJA Grant,2191.09,2022,-,UI-13839-2022,79.7,11-07-2022,
846,352,ARPA Funds,467.97,2019,FRA,XM-15995-2019,43.3,06/23/2023,
847,352,Federal grant ,193.92,2025,EPA,QN-35726-2025,42.3,15/03/2023,Match requirement 20%
848,352,Federal grant ,380.38,2019,EPA,ET-26915-2019,6.1,,Earmarked funds
849,353,State Revolving Fund,400.01,2018,DOE,YQ-91624-2018,10.6,05/20/2019,Earmarked funds
850,353,Federal Grant,123.91,2020,NTIA,WN-34642-2020,92.6,09/06/2018,
851,353,State Revolving Fund,117.03,2019,FRA,QH-25369-2019,75.5,,
852,353,ARPA Funds,15.24,2018,DOE,IQ-64275-2018,0.1,,
853,354,federal grant,,2018,HUD,DR-85621-2018,2.4,02-09-2023,Earmarked funds
854,354,,899.46,TBD,FAA,OU-81033-2022,,2023/06/09,Match requirement 20%
855,354,IIJA Grant,228.64,2023,FHWA,IG-20567-2023,9.2,2022-11-28,
856,355,Private Partnership,1739.56,2019,EPA,,71.3,14/01/2018,
857,355,Local Bond,709.22,2024,FRA,XG-39638-2024,51.1,11/10/2024,Pending reauthorization
858,355,State Appropriation,256.01,2021,FAA,VQ-27944-2021,64.5,01-02-2024,
859,356,ARPA Funds,952.95,2019,NTIA,,54.3,2021-08-02,
860,356,Federal Grant,400.03,2022,N/A,FV-77914-2022,,2020/09/07,
861,356,ARPA Funds,1039.14,2024,FRA,BM-30031-2024,38.9,2019/10/19,
862,357,Federal Grant,1090.94,2025,FHWA,,79.7,06/07/2024,
863,357,,2212.1,2025,FRA,RN-95219-2025,6.8,10-02-2022,Earmarked funds
864,358,Private Partnership,373.99,2024,,AO-19840-2024,67.8,09-10-2024,
865,358,Federal Grant,386.95,2023,HUD,NL-85171-2023,,2021-01-17,Pending reauthorization
866,359,ARPA Funds,40.86,TBD,HUD,,92.2,10/17/2024,
867,360,ARPA Funds,317.79,2025,FHWA,XI-51947-2025,48.7,2019/02/08,Pending reauthorization
868,360,Private Partnership,316.16,2021,DOE,MO-68927-2021,22.6,2018-06-09,Emergency supplemental
869,360,IIJA Grant,360.74,2025,FAA,ZD-88629-2025,61.4,2023/06/13,Emergency supplemental
870,360,State Revolving Fund,177.67,2020,EPA,KQ-15724-2020,43.3,04/07/2018,
871,361,ARPA Funds,766.29,2020,EPA,WL-75666-2020,74.0,02-04-2020,Earmarked funds
872,361,Local Bond,411.64,2024,EPA,QA-62270-2024,3.1,2018-11-13,
873,362,ARPA Funds,881.35,2024,NTIA,PI-54540-2024,94.3,2020-10-15,
874,363,Local Bond,420.61,2023,,YL-35887-2023,5.6,23/03/2020,
875,363,State Appropriation,591.35,2019,FAA,,66.9,11-01-2020,
876,363,ARPA Funds,353.41,?,EPA,RX-17978-2023,84.7,2020/02/28,Match requirement 20%
877,364,State Revolving Fund,1043.34,2023,DOT,EG-19142-2023,10.1,08/16/2021,
878,364,Local Bond,905.84,2025,FAA,HU-39787-2025,3.4,19/08/2019,Match requirement 20%
879,364,FEDERAL GRANT,227.12,?,DOT,UU-76838-2022,3.2,2021/04/26,
880,364,federal grant,413.76,,HUD,DD-56595-2024,7.6,2024/10/11,
881,365,IIJA Grant,25.84,,NTIA,QZ-39223-2024,28.7,12-22-2020,Match requirement 20%
882,365,State Revolving Fund,18.01,2022,NTIA,TF-26188-2022,15.6,2019/11/01,
883,365,State Revolving Fund,14.35,2025,FHWA,JA-13294-2025,62.2,03/23/2018,Earmarked funds
884,366,State Revolving Fund,966.1,2018,HUD,BN-93989-2018,24.2,10-11-2024,
885,367,Federal Loan,896.14,2023,FAA,XD-31702-2023,40.0,25/08/2019,
886,367,IIJA Grant,1213.89,2023,DOE,FZ-68454-2023,57.4,2020-07-21,
887,367,federal grant,180.3,2018,FHWA,NH-90059-2018,77.1,01-01-2022,
888,368,ARPA Funds,321.92,2021,EPA,MO-99609-2021,16.8,08-02-2023,Match requirement 20%
889,368,Federal Loan,144.02,2025,EPA,AI-88982-2025,19.3,02/02/2019,Match requirement 20%
890,369,Federal Loan,85.8,2022,FHWA,YS-28495-2022,76.7,2023-01-04,
891,369,State Appropriation,57.59,2018,DOE,,53.1,30/01/2023,
892,370,IIJA Grant,3665.52,2018,HUD,ZT-10132-2018,98.7,2022/05/26,Emergency supplemental
893,371,Private Partnership,1631.28,2019,FHWA,LI-12754-2019,,2019-09-15,Pending reauthorization
894,371,FEDERAL GRANT,1285.63,2021,FAA,VA-36717-2021,77.6,2021-04-28,
895,371,Federal grant ,348.01,2024,USACE,PF-70245-2024,5.8,2024-06-18,
896,371,,290.33,2018,FRA,QV-29492-2018,15.0,09/26/2023,Pending reauthorization
897,372,,-,2024,FRA,ZL-43244-2024,TBD,02/07/2020,Pending reauthorization
898,372,Local Bond,944.69,2019,FTA,JT-78404-2019,96.7,08/02/2021,
899,372,IIJA Grant,350.98,2018,DOT,QR-38392-2018,66.1,2022/03/11,Earmarked funds
900,372,Federal Grant,937.28,2022,FAA,HT-46886-2022,59.8,2018-09-03,Emergency supplemental
901,373,Federal Grant,1600.62,2018,DOT,ZY-16551-2018,64.0,2023/11/11,
902,373,Federal Grant,945.76,2024,FAA,,96.9,2021-11-03,Emergency supplemental
903,374,Federal Loan,737.29,2019,NTIA,,78.6,08-22-2022,
904,375,Federal Loan,1561.58,2020,NTIA,,57.3,2018/12/05,
905,375,Private Partnership,330.8,N/A,USACE,GR-57239-2020,74.1,12-17-2020,Pending reauthorization
906,375,State Appropriation,518.62,2021,DOT,XZ-42560-2021,15.7,04/18/2020,
907,376,State Appropriation,1653.74,,DOT,TU-66682-2021,32.6,11-26-2022,
908,376,Local Bond,801.76,,FHWA,RE-59681-2022,18.7,23/11/2021,
909,376,ARPA Funds,432.39,2018,N/A,,35.2,29/06/2019,
910,377,Federal Loan,2299.85,2022,FTA,WY-68173-2022,47.7,10-14-2021,Earmarked funds
911,378,State Appropriation,1108.31,2020,EPA,UZ-90182-2020,39.0,09/14/2021,
912,378,federal grant,431.78,2022,USACE,RU-27237-2022,58.8,2022-05-03,
913,379,Federal Loan,3272.27,2020,DOT,JZ-77672-2020,-,28/03/2022,
914,380,Federal Grant,735.25,2024,,DI-81711-2024,52.9,,
915,380,Local Bond,368.64,2021,USACE,,78.0,23/08/2022,
916,381,ARPA Funds,886.37,2021,FRA,FY-86983-2021,1.1,08-28-2023,
917,381,State Appropriation,111.19,2018,FTA,WM-70640-2018,2.5,2019-01-10,Pending reauthorization
918,381,Federal Grant,116.36,n/a,EPA,WM-51250-2022,7.9,2024/03/08,
919,381,State Appropriation,144.0,TBD,DOT,CB-19102-2018,6.9,2020/01/11,Emergency supplemental
920,382,,116.51,n/a,FTA,TK-60792-2018,8.2,08/25/2020,Earmarked funds
921,383,Federal Loan,502.45,n/a,FHWA,KE-27307-2023,32.5,10/07/2018,
922,383,FEDERAL GRANT,235.25,2025,DOE,,86.5,07/30/2024,
923,383,IIJA Grant,627.23,2025,HUD,PP-76108-2025,1.9,2018-02-17,
924,384,Private Partnership,136.47,,-,RS-48070-2023,38.9,2021/03/23,
925,385,Federal Grant,1017.85,,FAA,AZ-25726-2019,91.9,2024/06/27,
926,386,Federal grant ,2375.94,,USACE,TQ-93752-2023,49.9,11-06-2019,
927,386,Private Partnership,,2020,FAA,XY-48723-2020,,2018/09/21,Match requirement 20%
928,386,State Revolving Fund,,?,NTIA,XD-68861-2021,,08-27-2024,Match requirement 20%
929,387,State Revolving Fund,1564.48,2018,EPA,KL-24725-2018,49.2,2022-10-19,
930,387,IIJA Grant,897.89,2022,FTA,GA-60904-2022,24.7,2023-01-14,
931,387,Local Bond,276.04,2024,NTIA,CV-60170-2024,28.5,2021-02-11,Earmarked funds
932,387,federal grant,143.47,2021,DOT,EM-12046-2021,88.1,06/29/2024,
933,388,ARPA Funds,106.87,2023,DOT,TD-83767-2023,,12/08/2023,
934,388,Federal Loan,48.12,2018,DOE,NA-66461-2018,63.7,,Earmarked funds
935,389,Private Partnership,764.7,2022,NTIA,HW-87476-2022,94.4,22/04/2019,Match requirement 20%
936,389,Federal grant ,173.9,2020,DOT,TF-72372-2020,21.8,12-19-2020,Pending reauthorization
937,389,Federal Loan,42.82,2022,DOE,,44.8,2023/10/25,Pending reauthorization
938,390,federal grant,171.27,2020,HUD,GT-67859-2020,25.0,2020/05/30,
939,391,State Appropriation,1146.15,2019,HUD,YE-68357-2019,20.5,03/05/2023,
940,391,State Appropriation,419.72,2024,FRA,PK-40329-2024,47.3,19/03/2018,
941,392,Federal Grant,1969.65,2018,?,NQ-97948-2018,13.0,03/10/2021,Earmarked funds
942,392,Federal Loan,n/a,,FRA,,45.1,2019/07/02,
943,392,State Appropriation,232.66,2024,HUD,GE-72557-2024,19.8,07/26/2022,
944,393,Federal Loan,1604.52,2018,?,,6.0,,Earmarked funds
945,393,Private Partnership,849.26,2019,FHWA,AP-64715-2019,7.2,11/02/2018,
946,394,State Appropriation,,2022,USACE,GI-65278-2022,59.0,09/01/2019,Pending reauthorization
947,394,federal grant,573.7,2024,FAA,BO-60556-2024,49.1,13/12/2018,Match requirement 20%
948,395,State Revolving Fund,569.48,2022,FRA,EV-81373-2022,64.7,03-28-2024,Earmarked funds
949,395,Federal Loan,778.97,2024,FRA,PL-72195-2024,29.2,08-19-2022,Match requirement 20%
950,396,State Revolving Fund,845.2,2025,FAA,XJ-28100-2025,68.8,2021/02/06,Emergency supplemental
951,396,ARPA Funds,1206.25,2018,HUD,GA-56059-2018,83.3,2022-05-17,
952,396,State Revolving Fund,648.68,2024,,PA-76575-2024,99.3,2018-05-07,Match requirement 20%
953,397,State Appropriation,,2025,FHWA,WT-37129-2025,62.5,04-26-2020,
954,397,IIJA Grant,563.23,2023,FAA,JQ-82776-2023,7.1,2018-02-14,
955,397,FEDERAL GRANT,172.35,2018,FHWA,YV-63480-2018,87.9,10/01/2018,Emergency supplemental
956,397,ARPA Funds,227.51,2025,NTIA,WJ-61537-2025,78.5,24/04/2022,Pending reauthorization
957,398,State Appropriation,1450.17,2025,NTIA,AC-93810-2025,2.0,09/13/2022,Pending reauthorization
958,398,Federal Loan,593.82,2018,DOT,HF-19195-2018,68.7,2018/12/14,Pending reauthorization
959,398,Federal Loan,235.42,2018,USACE,YJ-79059-2018,97.5,12/16/2022,
960,398,federal grant,,2022,DOT,FC-65269-2022,47.2,09-07-2021,
961,399,Local Bond,1853.42,2024,DOT,OY-40873-2024,67.5,2022-05-04,
962,399,Private Partnership,1987.56,2019,FRA,IA-91687-2019,28.5,,Match requirement 20%
963,400,FEDERAL GRANT,613.25,n/a,HUD,LZ-90431-2025,24.6,2019/05/23,Match requirement 20%
964,400,IIJA Grant,666.19,2025,FAA,XM-13853-2025,10.6,16/06/2024,Pending reauthorization
965,400,State Appropriation,511.05,2025,FAA,,40.3,07/23/2022,Earmarked funds
966,401,ARPA Funds,551.53,2020,HUD,PK-13568-2020,61.0,07-07-2022,Earmarked funds
967,401,Local Bond,N/A,2019,FAA,BO-14116-2019,84.8,12-25-2019,Pending reauthorization
968,402,FEDERAL GRANT,975.52,2018,FHWA,PW-34660-2018,8.9,2021-07-18,
969,402,Local Bond,596.58,2025,FAA,SV-35866-2025,80.4,07/15/2020,Pending reauthorization
970,402,IIJA Grant,345.44,2018,USACE,AC-50228-2018,6.3,,Pending reauthorization
971,402,Federal Grant,164.53,2021,FRA,ZL-32744-2021,43.6,05/24/2021,
972,403,Private Partnership,404.91,2020,NTIA,ZL-79854-2020,66.8,09-28-2022,
973,403,State Revolving Fund,134.79,2022,DOT,,86.9,,
974,403,Federal Grant,23.45,2024,FTA,,94.7,11/29/2021,
975,404,Private Partnership,597.05,2018,,EX-37617-2018,,12/24/2021,
976,405,Local Bond,1608.78,2024,EPA,,33.1,02/01/2022,Emergency supplemental
977,405,Federal Loan,1039.92,2021,,HB-85805-2021,68.2,2018/11/22,Emergency supplemental
978,406,Federal Loan,-,2018,FTA,OV-92727-2018,9.7,11/11/2023,Match requirement 20%
979,406,FEDERAL GRANT,455.39,2019,FRA,NJ-69244-2019,,08-07-2018,
980,407,ARPA Funds,,2022,FRA,ZE-31986-2022,0.6,2021-05-05,Match requirement 20%
981,407,Federal Grant,512.99,2021,USACE,ER-95060-2021,1.1,06-06-2022,Match requirement 20%
982,408,FEDERAL GRANT,186.48,2023,EPA,SO-23945-2023,,29/02/2020,
983,408,ARPA Funds,111.64,2024,HUD,AJ-48897-2024,,,
984,409,,791.32,,FAA,NX-31564-2021,7.2,2019-05-16,
985,409,State Revolving Fund,1392.71,2018,NTIA,HQ-98867-2018,42.9,09-17-2021,Emergency supplemental
986,409,State Appropriation,728.23,n/a,DOT,SP-92026-2018,?,06/02/2023,Match requirement 20%
987,409,State Revolving Fund,114.5,2018,FHWA,,39.3,2023-04-04,Emergency supplemental
988,410,Local Bond,186.91,2021,FHWA,VN-21761-2021,7.1,2019-12-19,Earmarked funds
989,410,ARPA Funds,52.02,2019,FTA,JA-49917-2019,10.5,2020-08-06,
990,410,State Revolving Fund,N/A,2024,USACE,XD-53755-2024,2.3,09-10-2022,
991,410,Federal Loan,10.88,2023,DOT,LO-35091-2023,9.5,04-10-2021,
992,411,ARPA Funds,1651.87,2018,DOE,ZQ-96060-2018,48.0,2018/05/04,
993,412,Federal Loan,906.85,2020,DOE,,30.7,2023/07/06,
994,412,State Appropriation,411.03,2024,EPA,ZV-99585-2024,?,03-12-2018,Earmarked funds
995,412,Federal Loan,194.17,2022,DOE,OK-52170-2022,43.5,2018/09/08,
996,412,Private Partnership,TBD,2021,FHWA,HH-88997-2021,64.0,07-28-2019,Earmarked funds
997,413,State Revolving Fund,1121.42,2025,DOE,WE-78316-2025,9.6,04/14/2024,
998,413,federal grant,1550.94,2022,USACE,KU-25050-2022,,12-31-2019,
999,414,Federal grant ,2812.23,2025,HUD,SY-73530-2025,41.6,07/03/2021,
1000,415,Private Partnership,985.19,2019,USACE,RW-42547-2019,30.9,06/19/2023,Earmarked funds
1001,415,State Appropriation,774.33,2020,DOT,QY-51075-2020,52.0,2021/02/27,
1002,415,,168.02,2025,HUD,OY-11836-2025,91.2,2018/01/09,Pending reauthorization
1003,416,Private Partnership,1468.05,2018,EPA,GK-52198-2018,12.7,08-31-2022,Emergency supplemental
1004,416,Federal Grant,1262.39,2019,FRA,NA-42431-2019,0.0,09/22/2021,Pending reauthorization
1005,416,State Appropriation,269.62,2018,FRA,,76.4,,
1006,416,Federal Grant,692.78,2025,FHWA,RD-27575-2025,62.0,2019/11/14,Match requirement 20%
1007,417,Private Partnership,1398.26,2023,NTIA,BD-40107-2023,94.0,12/01/2022,Emergency supplemental
1008,417,Federal Grant,307.82,2023,NTIA,OJ-12431-2023,69.8,09/05/2019,Earmarked funds
1009,417,Local Bond,510.45,2025,DOT,NR-22567-2025,27.5,2020-12-14,
1010,417,Local Bond,401.66,2024,EPA,UZ-55428-2024,73.5,04-01-2018,
1011,418,Local Bond,693.4,,NTIA,VS-58969-2020,87.3,09/24/2022,
1012,418,Local Bond,413.57,2022,DOT,RU-98917-2022,3.7,09/07/2019,Emergency supplemental
1013,418,Private Partnership,?,2025,FAA,KY-17125-2025,94.4,12-17-2023,Pending reauthorization
1014,418,State Appropriation,200.99,2018,HUD,DR-30563-2018,19.5,18/07/2021,
1015,419,IIJA Grant,193.38,2020,NTIA,OY-80858-2020,,,Earmarked funds
1016,419,Private Partnership,55.61,2024,HUD,GH-91488-2024,51.0,07/13/2019,Match requirement 20%
1017,419,ARPA Funds,55.07,2023,FTA,NP-94978-2023,12.1,12-31-2023,
1018,420,State Revolving Fund,1561.69,2025,FTA,,0.6,19/03/2019,Earmarked funds
1019,421,Federal Loan,546.83,2024,DOT,MZ-36934-2024,96.9,06/06/2021,
1020,422,IIJA Grant,n/a,2018,n/a,CQ-93162-2018,31.8,,
1021,422,Private Partnership,?,2023,DOT,TY-65503-2023,57.3,2022-03-14,
1022,422,Federal Loan,60.78,2022,NTIA,EE-58467-2022,69.3,08-17-2018,
1023,423,FEDERAL GRANT,,2021,EPA,BF-70905-2021,3.8,05/17/2018,
1024,423,,1061.98,2021,DOE,KB-62882-2021,9.6,2024-08-23,
1025,424,Federal Loan,94.45,2024,FRA,GT-96390-2024,n/a,01-29-2022,
1026,424,Federal Loan,157.25,2018,USACE,YZ-90321-2018,1.7,12/26/2020,Emergency supplemental
1027,424,IIJA Grant,32.26,2023,,JO-78919-2023,77.0,03/29/2024,Match requirement 20%
1028,424,,61.93,2018,-,TD-92531-2018,38.8,2024/06/25,Match requirement 20%
1029,425,IIJA Grant,,2024,DOT,US-27441-2024,16.4,2019-11-25,Match requirement 20%
1030,426,Federal Loan,,2023,DOT,,67.2,2019-01-08,Match requirement 20%
1031,426,Local Bond,293.77,,NTIA,DT-30473-2022,17.1,09/09/2020,
1032,427,FEDERAL GRANT,177.37,2018,DOT,OS-40583-2018,33.6,,Emergency supplemental
1033,427,federal grant,91.41,2025,DOT,FB-46054-2025,0.3,02/15/2020,
1034,427,State Revolving Fund,35.0,2021,USACE,DI-88409-2021,66.9,06/01/2024,
1035,428,Federal Loan,175.43,,FRA,CN-52654-2021,17.7,,Pending reauthorization
1036,428,State Appropriation,66.06,2022,HUD,,31.1,10-20-2019,
1037,429,Local Bond,1261.89,2021,DOE,LC-35788-2021,85.9,2024/03/14,Pending reauthorization
1038,430,State Revolving Fund,-,,DOT,NZ-55267-2023,80.9,05-08-2023,
1039,430,State Revolving Fund,36.62,2022,FAA,TE-91234-2022,9.8,2024-02-22,Pending reauthorization
1040,430,IIJA Grant,44.35,2020,NTIA,QS-92038-2020,10.3,2019/03/29,
1041,431,IIJA Grant,371.66,2024,HUD,GL-44948-2024,17.1,2021-03-29,Emergency supplemental
1042,431,Federal Loan,98.09,2025,FTA,XS-34912-2025,79.5,06/26/2018,
1043,431,IIJA Grant,26.79,2020,?,LL-70757-2020,N/A,2022-12-01,Earmarked funds
1044,432,Private Partnership,,2018,NTIA,QY-23734-2018,11.2,09/17/2023,
1045,432,federal grant,1406.33,2020,FHWA,PA-64296-2020,,2020/12/21,
1046,433,Federal Grant,1436.67,n/a,USACE,,43.1,2022-01-05,
1047,433,Federal Loan,590.15,2024,FTA,ID-66941-2024,,13/04/2023,
1048,433,,293.07,2023,DOE,SM-75439-2023,89.7,05/02/2020,
1049,433,Federal Grant,547.29,2024,DOT,TF-40774-2024,40.8,2019-02-11,
1050,434,State Revolving Fund,729.2,2019,DOT,SU-34213-2019,51.6,07/01/2023,Match requirement 20%
1051,435,federal grant,772.41,2021,FRA,LP-61604-2021,-,14/02/2021,
1052,435,Federal Loan,359.29,2024,FAA,BM-76935-2024,69.1,07/06/2019,Match requirement 20%
1053,435,Local Bond,84.58,2021,USACE,VK-31492-2021,1.6,02/01/2023,
1054,436,Federal Grant,1592.88,2022,FHWA,QT-33662-2022,65.8,,Earmarked funds
1055,437,Federal grant ,1641.24,2024,FHWA,IA-94618-2024,2.7,,Emergency supplemental
1056,437,federal grant,924.8,2024,HUD,CO-47738-2024,77.5,2019/06/04,Match requirement 20%
1057,437,Private Partnership,104.98,2021,USACE,GA-27554-2021,83.8,01-19-2019,
1058,437,Federal grant ,107.67,2023,DOE,CV-56453-2023,64.5,06-26-2019,
1059,438,IIJA Grant,1771.36,2021,,XG-96690-2021,-,2023-07-16,Match requirement 20%
1060,438,Federal Loan,590.83,2020,FHWA,WG-22692-2020,81.3,,
1061,438,Private Partnership,1088.46,2022,HUD,BF-87329-2022,,2022-06-21,
1062,438,ARPA Funds,205.39,2018,EPA,HU-56622-2018,72.1,2024/07/23,
1063,439,IIJA Grant,965.65,2021,DOT,NE-80922-2021,29.4,2022/12/11,Earmarked funds
1064,439,Federal Grant,297.53,,FAA,UM-50102-2023,44.3,06-04-2020,
1065,439,Federal grant ,38.18,2022,USACE,RI-30925-2022,11.1,10/13/2022,
1066,439,Local Bond,75.62,2023,USACE,DO-82979-2023,81.8,23/10/2020,
1067,440,Private Partnership,805.62,2022,DOT,ZD-63009-2022,79.4,07-11-2020,
1068,441,Federal Grant,613.15,2019,NTIA,,71.1,14/07/2020,Pending reauthorization
1069,441,State Appropriation,348.05,2022,FAA,SD-55882-2022,2.4,06-17-2021,Pending reauthorization
1070,441,IIJA Grant,75.51,2021,NTIA,XQ-60303-2021,71.3,06/19/2020,Earmarked funds
1071,441,IIJA Grant,96.44,2024,USACE,QN-30481-2024,96.1,19/12/2020,Pending reauthorization
1072,442,Private Partnership,485.26,2019,DOT,AS-18048-2019,82.5,2024/08/06,
1073,443,federal grant,108.0,,HUD,,22.4,14/04/2023,
1074,443,Local Bond,94.21,2021,USACE,KL-43006-2021,34.1,11/24/2020,
1075,443,Federal Grant,12.76,2022,FAA,,25.7,30/11/2020,
1076,443,Local Bond,25.49,2025,FHWA,GO-29234-2025,86.6,29/10/2023,
1077,444,Private Partnership,496.68,2022,EPA,BP-44017-2022,,03/01/2024,
1078,444,Private Partnership,197.69,2020,FAA,LM-24605-2020,35.1,2024-03-02,
1079,445,State Revolving Fund,341.06,2021,FTA,SZ-19878-2021,56.9,26/04/2019,Earmarked funds
1080,445,ARPA Funds,231.59,2020,FTA,EM-92466-2020,63.0,2019/05/31,Match requirement 20%
1081,446,Federal grant ,300.44,2023,FAA,RE-51346-2023,14.9,2024-09-13,
1082,446,Federal grant ,271.49,,FRA,WY-83055-2023,1.7,2024-05-06,Emergency supplemental
1083,446,ARPA Funds,46.53,2022,NTIA,FK-48795-2022,,08-13-2021,
1084,447,State Appropriation,1296.17,2022,DOT,PW-68851-2022,47.1,08-10-2020,
1085,447,Federal Loan,674.34,2024,FAA,NU-40205-2024,43.7,11/11/2022,Pending reauthorization
1086,447,State Revolving Fund,636.49,2021,DOT,AV-13017-2021,27.5,05/07/2024,Match requirement 20%
1087,447,State Revolving Fund,299.02,2020,FHWA,TN-27614-2020,87.5,2019-01-22,
1088,448,Private Partnership,,2025,,,55.9,07/09/2018,Earmarked funds
1089,448,State Appropriation,805.6,2021,FTA,XF-41489-2021,41.6,2022-01-05,
1090,448,Federal grant ,761.81,n/a,DOT,ZX-96238-2019,4.7,,Pending reauthorization
1091,449,State Appropriation,936.96,2024,FRA,,75.6,2021-10-25,Pending reauthorization
1092,450,ARPA Funds,2174.4,2018,FTA,IU-13797-2018,35.9,,Emergency supplemental
1093,451,State Revolving Fund,n/a,2018,HUD,OS-52297-2018,35.6,2019/02/03,Earmarked funds
1094,451,Federal grant ,160.78,2019,FHWA,QP-61963-2019,81.4,06-28-2022,
1095,451,Federal Loan,280.39,2022,EPA,AU-98722-2022,66.0,,
1096,452,FEDERAL GRANT,1.72,2020,FHWA,OO-84300-2020,64.2,2021-06-06,Emergency supplemental
1097,452,State Appropriation,0.8,2019,DOE,SB-14388-2019,0.2,02-05-2021,Emergency supplemental
1098,452,IIJA Grant,0.4,2021,DOT,IJ-20265-2021,27.2,02/19/2019,
1099,452,FEDERAL GRANT,0.69,2025,USACE,CW-77516-2025,97.0,2019/10/08,Match requirement 20%
1100,453,Federal Grant,788.56,2018,FTA,,71.0,06/17/2020,
1101,453,Private Partnership,367.59,2019,HUD,HX-32965-2019,,04-03-2018,
1102,453,Federal grant ,116.37,2020,FRA,LG-29975-2020,33.1,31/12/2022,
1103,454,IIJA Grant,623.81,2019,FRA,JZ-58241-2019,16.7,2022-10-04,Match requirement 20%
1104,455,,717.29,2019,FAA,JU-95691-2019,64.8,12-12-2020,
1105,455,Federal Loan,1022.29,2018,EPA,BA-25147-2018,11.3,2018/09/27,Match requirement 20%
1106,456,State Revolving Fund,1594.89,2025,FHWA,DB-50078-2025,56.3,25/06/2022,
1107,456,Private Partnership,907.62,2024,FAA,LK-38543-2024,56.5,09/04/2023,
1108,457,FEDERAL GRANT,1282.2,2022,EPA,SY-39281-2022,23.5,07-21-2019,Pending reauthorization
1109,457,ARPA Funds,543.62,2025,FHWA,CZ-86027-2025,33.1,10/06/2018,
1110,457,Local Bond,114.56,2021,N/A,SH-76778-2021,53.8,2021-03-15,Earmarked funds
1111,457,State Revolving Fund,155.82,2022,HUD,BT-44136-2022,77.4,03/10/2024,Match requirement 20%
1112,458,State Appropriation,953.74,2024,FTA,TS-94491-2024,22.0,2022/12/30,
1113,459,State Revolving Fund,-,2023,HUD,FI-92296-2023,,12-12-2021,Emergency supplemental
1114,460,federal grant,742.76,2018,FTA,CY-23674-2018,15.1,12-06-2019,Emergency supplemental
1115,460,State Appropriation,214.33,2025,FAA,NL-30448-2025,92.3,,Match requirement 20%
1116,460,ARPA Funds,68.58,?,FAA,IS-99989-2018,10.7,2021/02/15,
1117,461,Federal Grant,2221.75,2023,FHWA,JK-84491-2023,N/A,04/10/2019,Emergency supplemental
1118,461,FEDERAL GRANT,343.16,2025,USACE,HY-63991-2025,14.4,02-03-2020,
1119,462,Local Bond,1389.62,2020,FHWA,BH-20311-2020,79.0,07/05/2018,
1120,462,ARPA Funds,1743.11,2018,FTA,KX-94036-2018,47.1,12/11/2023,
1121,463,Local Bond,1461.58,2020,DOE,IH-78718-2020,80.2,06-17-2022,Pending reauthorization
1122,463,FEDERAL GRANT,1087.21,2020,FAA,FP-71450-2020,5.6,05-10-2019,Match requirement 20%
1123,464,,233.07,2022,DOE,WE-96538-2022,41.4,05-15-2018,Emergency supplemental
1124,464,ARPA Funds,303.27,2018,HUD,XJ-21327-2018,8.5,2024-08-26,
1125,464,Local Bond,46.6,2025,EPA,PK-48164-2025,94.4,08-21-2019,
1126,465,Private Partnership,105.63,2023,FRA,NW-40874-2023,43.6,2018/02/27,
1127,465,federal grant,78.76,TBD,FRA,QA-12900-2024,,2022-02-21,Earmarked funds
1128,465,Federal Grant,97.64,2021,DOE,CD-24609-2021,21.6,04-19-2023,Match requirement 20%
1129,465,ARPA Funds,30.68,2020,DOT,SG-61802-2020,73.1,24/09/2023,Pending reauthorization
1130,466,Federal Grant,417.2,2018,DOT,SG-91916-2018,3.1,02/06/2022,
1131,467,Local Bond,142.34,2019,NTIA,GI-22626-2019,39.2,,Pending reauthorization
1132,467,Federal grant ,69.96,2020,HUD,UW-39456-2020,19.9,,Earmarked funds
1133,468,Federal Loan,2497.24,2020,FHWA,FO-86408-2020,71.0,10/01/2024,Match requirement 20%
1134,469,ARPA Funds,2527.09,2023,NTIA,YP-88242-2023,37.9,2022-08-17,
1135,469,Federal Loan,804.86,2022,EPA,CK-66338-2022,19.8,31/07/2023,
1136,469,State Appropriation,180.42,2018,DOE,FL-23229-2018,3.1,12/25/2019,Emergency supplemental
1137,469,ARPA Funds,195.01,2021,HUD,BL-20203-2021,60.5,09/22/2018,Earmarked funds
1138,470,State Revolving Fund,1102.97,2024,FRA,DR-14273-2024,39.8,19/01/2024,
1139,470,State Appropriation,990.56,2019,USACE,JH-89304-2019,19.5,2021-05-23,Emergency supplemental
1140,470,Federal Grant,568.33,2023,HUD,LA-97581-2023,79.3,2020/08/28,Earmarked funds
1141,471,ARPA Funds,52.23,2025,EPA,LZ-16897-2025,27.3,21/03/2024,Earmarked funds
1142,471,State Revolving Fund,16.86,2022,FHWA,WP-28850-2022,63.8,11-12-2021,Pending reauthorization
1143,471,State Revolving Fund,3.36,2020,USACE,HL-87195-2020,63.2,2024/07/11,Match requirement 20%
1144,472,Federal grant ,799.83,2020,DOT,LN-50459-2020,20.3,01-10-2022,Emergency supplemental
1145,472,ARPA Funds,729.07,2021,USACE,NC-70484-2021,,2022/11/26,Emergency supplemental
1146,473,Local Bond,113.81,2022,FRA,UB-85200-2022,73.1,09/09/2019,Emergency supplemental
1147,473,IIJA Grant,90.69,2022,HUD,ZA-62609-2022,46.3,14/05/2022,
1148,473,Federal Grant,47.38,,,MJ-40338-2021,5.0,2023-01-29,
1149,474,Local Bond,228.29,2021,HUD,KJ-15472-2021,,09-14-2018,
1150,474,State Appropriation,189.2,?,FAA,RV-33132-2022,9.3,2018/08/13,Emergency supplemental
1151,474,Local Bond,,2024,DOE,VG-93171-2024,8.4,2021-06-13,Earmarked funds
1152,475,Private Partnership,1606.0,2022,DOT,,36.6,2024-05-07,Pending reauthorization
1153,475,State Revolving Fund,962.86,2019,FRA,DZ-91992-2019,85.1,2019-10-16,
1154,475,Federal Grant,242.07,2018,EPA,GO-41587-2018,88.7,2024-06-22,
1155,475,Federal Loan,146.53,2023,HUD,LE-61208-2023,24.9,,Earmarked funds
1156,476,Federal Grant,480.07,2018,DOE,JM-78313-2018,89.5,26/11/2024,Pending reauthorization
1157,476,IIJA Grant,729.75,N/A,HUD,BE-49314-2021,57.6,05-22-2022,
1158,476,Private Partnership,840.79,,FRA,MD-68534-2022,27.1,2022/02/09,
1159,477,,191.56,2021,DOT,,96.1,05/05/2020,
1160,478,State Revolving Fund,93.74,2023,NTIA,CL-70726-2023,5.6,2018/08/17,
1161,478,Local Bond,66.07,2019,EPA,KC-37250-2019,21.4,2022-02-01,Emergency supplemental
1162,479,State Appropriation,80.54,2022,FAA,FL-35686-2022,75.5,25/03/2024,
1163,479,Federal Grant,20.3,2023,FTA,WY-16849-2023,39.6,,Earmarked funds
1164,479,Federal grant ,22.92,2022,n/a,MJ-81494-2022,4.7,2021-05-11,Earmarked funds
1165,480,Local Bond,854.0,2020,NTIA,EU-39388-2020,56.1,12-16-2019,Match requirement 20%
1166,480,State Revolving Fund,2110.61,2019,NTIA,DP-53097-2019,27.6,2024-04-14,Pending reauthorization
1167,481,Federal grant ,,2023,DOT,DO-72060-2023,65.2,,
1168,481,ARPA Funds,1022.63,2021,DOE,AO-22622-2021,92.9,,Emergency supplemental
1169,481,IIJA Grant,348.08,2025,NTIA,FX-48123-2025,35.8,2021/01/21,
1170,481,State Revolving Fund,48.11,2025,EPA,AJ-25654-2025,33.5,10/05/2019,
1171,482,ARPA Funds,1914.15,2022,FTA,JC-81037-2022,26.3,03/29/2024,Pending reauthorization
1172,483,State Appropriation,,2023,USACE,RG-13751-2023,43.5,2018/03/27,
1173,483,ARPA Funds,114.79,2019,NTIA,MS-88761-2019,26.1,2020/03/08,Emergency supplemental
1174,484,State Appropriation,1634.46,-,FTA,FU-89967-2019,32.6,17/10/2019,Pending reauthorization
1175,484,FEDERAL GRANT,300.17,2018,FRA,EY-32633-2018,73.6,09-10-2023,
1176,484,,314.52,2019,FHWA,ZR-54657-2019,,08/18/2024,
1177,484,State Appropriation,285.04,2021,FAA,HG-39381-2021,98.7,08/31/2018,Emergency supplemental
1178,485,FEDERAL GRANT,,2020,DOT,RQ-82487-2020,36.8,24/03/2021,Earmarked funds
1179,486,federal grant,1271.59,2021,USACE,OD-42143-2021,TBD,2021-09-24,
1180,486,Private Partnership,1517.48,2022,NTIA,XP-87830-2022,43.9,2021/12/11,Match requirement 20%
1181,486,FEDERAL GRANT,304.39,2022,USACE,WH-49998-2022,42.1,2022-01-27,
1182,486,Federal Loan,564.69,2018,HUD,CY-48501-2018,15.5,31/08/2020,
1183,487,FEDERAL GRANT,3269.17,2020,EPA,EI-10196-2020,71.7,11/29/2023,Pending reauthorization
1184,488,Federal Grant,568.48,2024,DOE,PY-83013-2024,66.4,2024/03/25,
1185,488,Local Bond,1268.03,2024,DOE,CP-58438-2024,87.9,2018-09-07,Emergency supplemental
1186,488,Federal Loan,311.25,2022,EPA,AG-36276-2022,65.8,2024/08/06,Emergency supplemental
1187,488,Federal Loan,283.26,2020,?,UV-14185-2020,86.6,11/15/2024,
1188,489,Federal Loan,,2018,FAA,DX-31891-2018,36.6,12-12-2024,Earmarked funds
1189,489,IIJA Grant,686.03,2020,FHWA,OQ-20104-2020,,2024/01/23,Pending reauthorization
1190,489,IIJA Grant,310.23,,,TM-61098-2022,5.9,06-02-2019,Pending reauthorization
1191,490,Federal Loan,314.04,2025,DOE,WL-93740-2025,12.3,09/01/2019,Match requirement 20%
1192,490,IIJA Grant,126.28,2019,FTA,RY-36945-2019,14.3,12/21/2018,
1193,490,FEDERAL GRANT,28.19,2022,USACE,VS-46512-2022,7.4,06/30/2020,
1194,490,Private Partnership,n/a,2024,USACE,JV-31936-2024,6.1,,Earmarked funds
1195,491,Local Bond,26.33,2023,HUD,NJ-40069-2023,48.2,12-03-2024,Earmarked funds
1196,491,IIJA Grant,n/a,2020,FTA,,74.2,2021/07/26,Match requirement 20%
1197,491,Federal Loan,21.95,2023,FRA,JJ-75884-2023,64.5,07/08/2020,Earmarked funds
1198,491,Federal Grant,10.22,2022,DOE,EM-62898-2022,51.5,07/24/2024,
1199,492,Federal grant ,586.24,2023,FRA,,85.9,04/12/2022,Match requirement 20%
1200,493,Federal grant ,627.66,2019,FHWA,SS-91617-2019,96.1,2022-02-16,Earmarked funds
1201,493,Private Partnership,365.22,,HUD,CY-30671-2024,71.0,2021/03/29,
1202,493,FEDERAL GRANT,1101.59,2018,FTA,LV-14438-2018,75.0,2023/06/08,
1203,494,Federal grant ,462.27,2025,HUD,BB-62391-2025,63.7,18/12/2022,
1204,494,,172.9,2021,FAA,,50.0,,
1205,495,,2747.69,2019,N/A,XX-59650-2019,56.6,05/01/2021,
1206,496,Local Bond,1151.53,2020,NTIA,JU-87342-2020,93.7,09-08-2023,Earmarked funds
1207,496,Local Bond,328.51,2022,EPA,CN-28602-2022,91.6,12/14/2020,
1208,497,State Appropriation,1002.76,N/A,NTIA,LY-99954-2025,96.2,09-22-2019,
1209,497,Local Bond,869.31,2020,FRA,OM-35598-2020,TBD,2018/06/29,Match requirement 20%
1210,497,Private Partnership,1397.12,2019,FHWA,SD-64398-2019,29.8,04/09/2024,Emergency supplemental
1211,498,Private Partnership,69.34,2020,FAA,PQ-32873-2020,52.1,2023/03/17,Pending reauthorization
1212,499,Private Partnership,77.62,2023,HUD,ES-13658-2023,15.5,02/15/2019,Match requirement 20%
1213,499,IIJA Grant,12.28,2021,,KV-27367-2021,77.4,2023/11/16,Earmarked funds
1214,499,Federal Loan,4.52,2021,FAA,BP-57897-2021,67.2,05-28-2023,
1215,500,State Appropriation,151.68,2023,FRA,SK-15118-2023,57.7,2018-09-20,Earmarked funds
1216,500,State Appropriation,38.78,2018,FHWA,WH-11983-2018,3.5,25/02/2023,
